timestamp,price,coin
2025-03-31 00:00:00,82356.38111183756,bitcoin
2025-04-01 00:00:00,82514.09365397849,bitcoin
2025-04-02 00:00:00,85237.5876052852,bitcoin
2025-04-03 00:00:00,82526.4221526433,bitcoin
2025-04-04 00:00:00,83163.98757387721,bitcoin
2025-04-05 00:00:00,83852.00765399594,bitcoin
2025-04-06 00:00:00,83595.88550177493,bitcoin
2025-04-07 00:00:00,78211.48358199988,bitcoin
2025-04-08 00:00:00,79179.29226757778,bitcoin
2025-04-09 00:00:00,76329.090356324,bitcoin
2025-04-10 00:00:00,82622.17029546302,bitcoin
2025-04-11 00:00:00,79596.35732250768,bitcoin
2025-04-12 00:00:00,83439.28818043756,bitcoin
2025-04-13 00:00:00,85305.09728392666,bitcoin
2025-04-14 00:00:00,83600.82010054543,bitcoin
2025-04-15 00:00:00,84523.4524914945,bitcoin
2025-04-16 00:00:00,83656.49248858042,bitcoin
2025-04-17 00:00:00,84105.77942167096,bitcoin
2025-04-18 00:00:00,84930.90857600998,bitcoin
2025-04-19 00:00:00,84433.75017215389,bitcoin
2025-04-20 00:00:00,85126.66244301842,bitcoin
2025-04-21 00:00:00,85073.16544858096,bitcoin
2025-04-22 00:00:00,87452.04699068287,bitcoin
2025-04-23 00:00:00,93576.16588573981,bitcoin
2025-04-24 00:00:00,93605.45230873208,bitcoin
2025-04-25 00:00:00,93872.81422867288,bitcoin
2025-04-26 00:00:00,94773.11200643536,bitcoin
2025-04-27 00:00:00,94644.06637120107,bitcoin
2025-04-28 00:00:00,93809.33781968223,bitcoin
2025-04-29 00:00:00,95030.60645474444,bitcoin
2025-04-30 00:00:00,94256.35946318062,bitcoin
2025-05-01 00:00:00,94235.75331048167,bitcoin
2025-05-02 00:00:00,96426.94522273027,bitcoin
2025-05-03 00:00:00,96855.5681343944,bitcoin
2025-05-04 00:00:00,95922.86842404422,bitcoin
2025-05-05 00:00:00,94326.62048529249,bitcoin
2025-05-06 00:00:00,94758.8237105546,bitcoin
2025-05-07 00:00:00,96854.53198815876,bitcoin
2025-05-08 00:00:00,97026.49376966801,bitcoin
2025-05-09 00:00:00,103076.27555512934,bitcoin
2025-05-10 00:00:00,102962.54045692299,bitcoin
2025-05-11 00:00:00,104630.8792994166,bitcoin
2025-05-12 00:00:00,103994.061616746,bitcoin
2025-05-13 00:00:00,102876.8304286011,bitcoin
2025-05-14 00:00:00,104184.49039270742,bitcoin
2025-05-15 00:00:00,103594.42575090709,bitcoin
2025-05-16 00:00:00,103708.85136423641,bitcoin
2025-05-17 00:00:00,103556.03493982446,bitcoin
2025-05-18 00:00:00,103212.36483885496,bitcoin
2025-05-19 00:00:00,106030.6376831359,bitcoin
2025-05-20 00:00:00,105629.41580436694,bitcoin
2025-05-21 00:00:00,106786.71995834043,bitcoin
2025-05-22 00:00:00,109665.86371625263,bitcoin
2025-05-23 00:00:00,111560.356938144,bitcoin
2025-05-24 00:00:00,107216.66856870624,bitcoin
2025-05-25 00:00:00,107831.36374380375,bitcoin
2025-05-26 00:00:00,108861.81037744327,bitcoin
2025-05-27 00:00:00,109377.71513263129,bitcoin
2025-05-28 00:00:00,109068.45694901445,bitcoin
2025-05-29 00:00:00,107838.18431100152,bitcoin
2025-05-30 00:00:00,105745.41660358038,bitcoin
2025-05-31 00:00:00,104010.91956242644,bitcoin
2025-06-01 00:00:00,104687.50742934884,bitcoin
2025-06-02 00:00:00,105710.00593822816,bitcoin
2025-06-03 00:00:00,105884.74263221149,bitcoin
2025-06-04 00:00:00,105434.47745144971,bitcoin
2025-06-05 00:00:00,104812.9182188067,bitcoin
2025-06-06 00:00:00,101650.7387545425,bitcoin
2025-06-07 00:00:00,104409.74967959142,bitcoin
2025-06-08 00:00:00,105681.4546141758,bitcoin
2025-06-09 00:00:00,105692.24740699006,bitcoin
2025-06-10 00:00:00,110261.57485948496,bitcoin
2025-06-11 00:00:00,110212.73252109604,bitcoin
2025-06-12 00:00:00,108679.9760916168,bitcoin
2025-06-13 00:00:00,105979.22902375912,bitcoin
2025-06-14 00:00:00,106045.56440819203,bitcoin
2025-06-15 00:00:00,105482.90611628917,bitcoin
2025-06-16 00:00:00,105554.49383061715,bitcoin
2025-06-17 00:00:00,106951.2720181497,bitcoin
2025-06-18 00:00:00,104683.42479835715,bitcoin
2025-06-19 00:00:00,104722.695052907,bitcoin
2025-06-20 00:00:00,104690.65002458123,bitcoin
2025-06-21 00:00:00,103290.105144757,bitcoin
2025-06-22 00:00:00,101532.5683847329,bitcoin
2025-06-23 00:00:00,100852.58264648831,bitcoin
2025-06-24 00:00:00,105511.62437933135,bitcoin
2025-06-25 00:00:00,105976.06929808448,bitcoin
2025-06-26 00:00:00,107238.53045016268,bitcoin
2025-06-27 00:00:00,106984.01253775663,bitcoin
2025-06-28 00:00:00,107078.91560644074,bitcoin
2025-06-29 00:00:00,107331.58548463577,bitcoin
2025-06-30 00:00:00,108396.61631317894,bitcoin
2025-07-01 00:00:00,107132.79910701896,bitcoin
2025-07-02 00:00:00,105613.39974163055,bitcoin
2025-07-03 00:00:00,108824.44423167943,bitcoin
2025-07-04 00:00:00,109602.20483914016,bitcoin
2025-07-05 00:00:00,108040.8919400104,bitcoin
2025-07-06 00:00:00,108217.46849992426,bitcoin
2025-07-07 00:00:00,109215.19771840284,bitcoin
2025-07-08 00:00:00,108300.71675785031,bitcoin
2025-07-09 00:00:00,108953.19187727802,bitcoin
2025-07-10 00:00:00,111327.53054245669,bitcoin
2025-07-11 00:00:00,115879.65030112496,bitcoin
2025-07-12 00:00:00,117571.02510036016,bitcoin
2025-07-13 00:00:00,117418.95745007684,bitcoin
2025-07-14 00:00:00,119117.55666327637,bitcoin
2025-07-15 00:00:00,119833.67446712355,bitcoin
2025-07-16 00:00:00,117678.19493404306,bitcoin
2025-07-17 00:00:00,118748.1627367753,bitcoin
2025-07-18 00:00:00,119445.36520434043,bitcoin
2025-07-19 00:00:00,117988.94664455787,bitcoin
2025-07-20 00:00:00,117901.62655900871,bitcoin
2025-07-21 00:00:00,117256.9208222684,bitcoin
2025-07-22 00:00:00,117482.46977767294,bitcoin
2025-07-23 00:00:00,119955.79570607653,bitcoin
2025-07-24 00:00:00,118629.05588130427,bitcoin
2025-07-25 00:00:00,118354.43517438594,bitcoin
2025-07-26 00:00:00,117540.80837085741,bitcoin
2025-07-27 00:00:00,117959.54234360624,bitcoin
2025-07-28 00:00:00,119418.91405141471,bitcoin
2025-07-29 00:00:00,118003.30201607826,bitcoin
2025-07-30 00:00:00,117853.30892863822,bitcoin
2025-07-31 00:00:00,117833.24087995925,bitcoin
2025-08-01 00:00:00,115700.00243915782,bitcoin
2025-08-02 00:00:00,113234.6051343189,bitcoin
2025-08-03 00:00:00,112554.90232221723,bitcoin
2025-08-04 00:00:00,114199.10966460757,bitcoin
2025-08-05 00:00:00,115138.68613070177,bitcoin
2025-08-06 00:00:00,114128.35408881678,bitcoin
2025-08-07 00:00:00,115022.09576830892,bitcoin
2025-08-08 00:00:00,117463.47451085235,bitcoin
2025-08-09 00:00:00,116688.36663186055,bitcoin
2025-08-10 00:00:00,116510.08393213755,bitcoin
2025-08-11 00:00:00,119266.92516880555,bitcoin
2025-08-12 00:00:00,118773.79960860992,bitcoin
2025-08-13 00:00:00,120202.53485503166,bitcoin
2025-08-14 00:00:00,123560.99363577305,bitcoin
2025-08-15 00:00:00,118405.59579823953,bitcoin
2025-08-16 00:00:00,117339.79190213277,bitcoin
2025-08-17 00:00:00,117501.21653394958,bitcoin
2025-08-18 00:00:00,117542.83687778088,bitcoin
2025-08-19 00:00:00,116256.41276740946,bitcoin
2025-08-20 00:00:00,112778.34483555844,bitcoin
2025-08-21 00:00:00,114252.39755195397,bitcoin
2025-08-22 00:00:00,112414.39987336512,bitcoin
2025-08-23 00:00:00,116834.24948202295,bitcoin
2025-08-24 00:00:00,115359.98346714744,bitcoin
2025-08-25 00:00:00,113399.54847314971,bitcoin
2025-08-26 00:00:00,110185.35443900425,bitcoin
2025-08-27 00:00:00,111842.70999260596,bitcoin
2025-08-28 00:00:00,111216.08479629169,bitcoin
2025-08-29 00:00:00,112525.59740669793,bitcoin
2025-08-30 00:00:00,108480.30666639366,bitcoin
2025-08-31 00:00:00,108781.95727925687,bitcoin
2025-09-01 00:00:00,108253.36092385623,bitcoin
2025-09-02 00:00:00,109162.68557992298,bitcoin
2025-09-03 00:00:00,111190.18209845416,bitcoin
2025-09-04 00:00:00,111711.51977725117,bitcoin
2025-09-05 00:00:00,110724.736377486,bitcoin
2025-09-06 00:00:00,110662.18112628513,bitcoin
2025-09-07 00:00:00,110209.1888247784,bitcoin
2025-09-08 00:00:00,111131.9923868407,bitcoin
2025-09-09 00:00:00,112025.12878118771,bitcoin
2025-09-10 00:00:00,111547.43956434788,bitcoin
2025-09-11 00:00:00,113975.32489468766,bitcoin
2025-09-12 00:00:00,115503.16663193036,bitcoin
2025-09-13 00:00:00,116160.14344594491,bitcoin
2025-09-14 00:00:00,115970.58488443034,bitcoin
2025-09-15 00:00:00,115373.55555886829,bitcoin
2025-09-16 00:00:00,115397.25272727509,bitcoin
2025-09-17 00:00:00,116762.8496864193,bitcoin
2025-09-18 00:00:00,116455.94648225319,bitcoin
2025-09-19 00:00:00,117145.49508952006,bitcoin
2025-09-20 00:00:00,115655.81046441344,bitcoin
2025-09-21 00:00:00,115715.51536781774,bitcoin
2025-09-22 00:00:00,115304.47999407038,bitcoin
2025-09-23 00:00:00,112696.74101711863,bitcoin
2025-09-24 00:00:00,112022.16587861195,bitcoin
2025-09-25 00:00:00,113320.56908541008,bitcoin
2025-09-26 00:00:00,108963.53013595635,bitcoin
2025-09-27 00:00:00,109710.20874667744,bitcoin
2025-09-28 00:00:00,109654.81021075726,bitcoin
2025-09-29 00:00:00,112142.57362752674,bitcoin
2025-09-30 00:00:00,114309.15041119447,bitcoin
2025-10-01 00:00:00,114024.22783550054,bitcoin
2025-10-02 00:00:00,118503.24451752483,bitcoin
2025-10-03 00:00:00,120611.71911591051,bitcoin
2025-10-04 00:00:00,122250.15186842803,bitcoin
2025-10-05 00:00:00,122380.93708463266,bitcoin
2025-10-06 00:00:00,123506.18520027678,bitcoin
2025-10-07 00:00:00,124773.50823074432,bitcoin
2025-10-08 00:00:00,121518.75593575071,bitcoin
2025-10-09 00:00:00,123352.50487523204,bitcoin
2025-10-10 00:00:00,121698.03066778315,bitcoin
2025-10-11 00:00:00,113201.74064138904,bitcoin
2025-10-12 00:00:00,110853.11663883903,bitcoin
2025-10-13 00:00:00,115189.5714637257,bitcoin
2025-10-14 00:00:00,115222.28302116522,bitcoin
2025-10-15 00:00:00,113156.56943826913,bitcoin
2025-10-16 00:00:00,110708.66960879423,bitcoin
2025-10-17 00:00:00,108076.72862033188,bitcoin
2025-10-18 00:00:00,106443.61194984635,bitcoin
2025-10-19 00:00:00,107156.00337647724,bitcoin
2025-10-20 00:00:00,108621.134857428,bitcoin
2025-10-21 00:00:00,110608.5714932665,bitcoin
2025-10-22 00:00:00,108486.10262716639,bitcoin
2025-10-23 00:00:00,107618.4266715404,bitcoin
2025-10-24 00:00:00,110048.51827291629,bitcoin
2025-10-25 00:00:00,110997.80437129698,bitcoin
2025-10-26 00:00:00,111620.3093731354,bitcoin
2025-10-27 00:00:00,114476.01227508577,bitcoin
2025-10-28 00:00:00,114182.79442806762,bitcoin
2025-10-29 00:00:00,112950.34863259472,bitcoin
2025-10-30 00:00:00,110046.66925837283,bitcoin
2025-10-31 00:00:00,108240.76528725718,bitcoin
2025-11-01 00:00:00,109573.90555629115,bitcoin
2025-11-02 00:00:00,110014.13556776087,bitcoin
2025-11-03 00:00:00,110650.2092823146,bitcoin
2025-11-04 00:00:00,106521.08673825761,bitcoin
2025-11-05 00:00:00,101635.2740227234,bitcoin
2025-11-06 00:00:00,103877.95965955159,bitcoin
2025-11-07 00:00:00,101322.6402945857,bitcoin
2025-11-08 00:00:00,103396.084215925,bitcoin
2025-11-09 00:00:00,102290.13714655167,bitcoin
2025-11-10 00:00:00,104709.67861656273,bitcoin
2025-11-11 00:00:00,105909.07272321742,bitcoin
2025-11-12 00:00:00,102960.77564500563,bitcoin
2025-11-13 00:00:00,101521.70859453593,bitcoin
2025-11-14 00:00:00,99730.4533956204,bitcoin
2025-11-15 00:00:00,94456.39368235337,bitcoin
2025-11-16 00:00:00,95508.31019889197,bitcoin
2025-11-17 00:00:00,94411.32947182967,bitcoin
2025-11-18 00:00:00,92036.7255045672,bitcoin
2025-11-19 00:00:00,92819.75921500899,bitcoin
2025-11-20 00:00:00,91363.27838693369,bitcoin
2025-11-21 00:00:00,86649.97257918229,bitcoin
2025-11-22 00:00:00,85051.8019295002,bitcoin
2025-11-23 00:00:00,84682.62429147748,bitcoin
2025-11-24 00:00:00,86783.84766839583,bitcoin
2025-11-25 00:00:00,88229.35740719768,bitcoin
2025-11-26 00:00:00,87310.33159950442,bitcoin
2025-11-27 00:00:00,90474.22677969698,bitcoin
2025-11-28 00:00:00,91279.06057176423,bitcoin
2025-11-29 00:00:00,90950.37695910994,bitcoin
2025-11-30 00:00:00,90841.45258193677,bitcoin
2025-12-01 00:00:00,90406.28448571145,bitcoin
2025-12-02 00:00:00,86281.49519776918,bitcoin
2025-12-03 00:00:00,91344.73275150165,bitcoin
2025-12-04 00:00:00,93619.43750817103,bitcoin
2025-12-05 00:00:00,92140.70419795791,bitcoin
2025-12-06 00:00:00,89307.09154512963,bitcoin
2025-12-07 00:00:00,89244.7620814118,bitcoin
2025-12-08 00:00:00,90162.90714007126,bitcoin
2025-12-09 00:00:00,90618.0535204608,bitcoin
2025-12-10 00:00:00,92723.21372069631,bitcoin
2025-12-11 00:00:00,92005.13714957413,bitcoin
2025-12-12 00:00:00,92494.17691640415,bitcoin
2025-12-13 00:00:00,90307.26028567803,bitcoin
2025-12-14 00:00:00,90257.4292885891,bitcoin
2025-12-15 00:00:00,88230.77409367911,bitcoin
2025-12-16 00:00:00,86413.9190195637,bitcoin
2025-12-17 00:00:00,87821.88919109134,bitcoin
2025-12-18 00:00:00,86064.94716216,bitcoin
2025-12-19 00:00:00,85450.3312009302,bitcoin
2025-12-20 00:00:00,88103.86075721023,bitcoin
2025-12-21 00:00:00,88347.94310567998,bitcoin
2025-12-22 00:00:00,88577.42038358838,bitcoin
2025-12-23 00:00:00,88491.12020788102,bitcoin
2025-12-24 00:00:00,87406.43636737975,bitcoin
2025-12-25 00:00:00,87642.60888119951,bitcoin
2025-12-26 00:00:00,87229.78066010943,bitcoin
2025-12-27 00:00:00,87305.95655961394,bitcoin
2025-12-28 00:00:00,87807.003210775,bitcoin
2025-12-29 00:00:00,87822.90829076794,bitcoin
2025-12-30 00:00:00,87156.56266080117,bitcoin
2025-12-31 00:00:00,88414.62856073362,bitcoin
2026-01-01 00:00:00,87520.18048742875,bitcoin
2026-01-02 00:00:00,88727.67004249741,bitcoin
2026-01-03 00:00:00,89926.27924953419,bitcoin
2026-01-04 00:00:00,90593.85443180417,bitcoin
2026-01-05 00:00:00,91373.21588108438,bitcoin
2026-01-06 00:00:00,93926.7956485658,bitcoin
2026-01-07 00:00:00,93666.86387314305,bitcoin
2026-01-08 00:00:00,91257.15544035907,bitcoin
2026-01-09 00:00:00,90983.51578142625,bitcoin
2026-01-10 00:00:00,90504.89560340019,bitcoin
2026-01-11 00:00:00,90442.01907847001,bitcoin
2026-01-12 00:00:00,90819.36598904192,bitcoin
2026-01-13 00:00:00,91134.96917951507,bitcoin
2026-01-14 00:00:00,95260.4422971001,bitcoin
2026-01-15 00:00:00,97007.78078881276,bitcoin
2026-01-16 00:00:00,95584.82797878512,bitcoin
2026-01-17 00:00:00,95516.07771987123,bitcoin
2026-01-18 00:00:00,95099.53192554631,bitcoin
2026-01-19 00:00:00,93752.70577188236,bitcoin
2026-01-20 00:00:00,92558.46334372147,bitcoin
2026-01-21 00:00:00,88312.84053255555,bitcoin
2026-01-22 00:00:00,89354.34377512129,bitcoin
2026-01-23 00:00:00,89443.39744146909,bitcoin
2026-01-24 00:00:00,89412.39849953113,bitcoin
2026-01-25 00:00:00,89170.87364531498,bitcoin
2026-01-26 00:00:00,86548.32213469829,bitcoin
2026-01-27 00:00:00,88307.8612070438,bitcoin
2026-01-28 00:00:00,89204.22239644526,bitcoin
2026-01-29 00:00:00,89162.09701574955,bitcoin
2026-01-30 00:00:00,84570.40906135936,bitcoin
2026-01-31 00:00:00,84141.77856967277,bitcoin
2026-02-01 00:00:00,78725.85853884545,bitcoin
2026-02-02 00:00:00,76937.06406636834,bitcoin
2026-02-03 00:00:00,78767.65815345927,bitcoin
2026-02-04 00:00:00,75638.95670207398,bitcoin
2026-02-05 00:00:00,73172.29203248928,bitcoin
2026-02-06 00:00:00,62853.69038445987,bitcoin
2026-02-07 00:00:00,70523.95417035831,bitcoin
2026-02-08 00:00:00,69296.80677355142,bitcoin
2026-02-09 00:00:00,70542.37329463876,bitcoin
2026-02-10 00:00:00,70096.40692272567,bitcoin
2026-02-11 00:00:00,68779.90981269129,bitcoin
2026-02-12 00:00:00,66937.58141157958,bitcoin
2026-02-13 00:00:00,66184.57765470445,bitcoin
2026-02-14 00:00:00,68838.87490510389,bitcoin
2026-02-15 00:00:00,69765.59638824302,bitcoin
2026-02-16 00:00:00,68716.58337486399,bitcoin
2026-02-17 00:00:00,68907.78353606178,bitcoin
2026-02-18 00:00:00,67489.45540267964,bitcoin
2026-02-19 00:00:00,66456.3537620677,bitcoin
2026-02-20 00:00:00,66918.68417467622,bitcoin
2026-02-21 00:00:00,67970.29403133177,bitcoin
2026-02-22 00:00:00,67977.90904199042,bitcoin
2026-02-23 00:00:00,67585.11718938159,bitcoin
2026-02-24 00:00:00,64577.553200674425,bitcoin
2026-02-25 00:00:00,64074.11098528222,bitcoin
2026-02-26 00:00:00,67947.39185585188,bitcoin
2026-02-27 00:00:00,67469.06040327046,bitcoin
2026-02-28 00:00:00,65883.99096235317,bitcoin
2026-03-01 00:00:00,67008.45435746174,bitcoin
2026-03-02 00:00:00,65713.4989891121,bitcoin
2026-03-03 00:00:00,68864.03691918531,bitcoin
2026-03-04 00:00:00,68321.6178484252,bitcoin
2026-03-05 00:00:00,72669.7701652216,bitcoin
2026-03-06 00:00:00,70874.98687140146,bitcoin
2026-03-07 00:00:00,68148.28339966535,bitcoin
2026-03-08 00:00:00,67271.1907777184,bitcoin
2026-03-09 00:00:00,66036.15782362667,bitcoin
2026-03-10 00:00:00,68459.31537095344,bitcoin
2026-03-11 00:00:00,69883.00887579883,bitcoin
2026-03-12 00:00:00,70226.818790692,bitcoin
2026-03-13 00:00:00,70544.42535461926,bitcoin
2026-03-14 00:00:00,70965.28228600459,bitcoin
2026-03-15 00:00:00,71217.1010283798,bitcoin
2026-03-16 00:00:00,72681.9132538886,bitcoin
2026-03-17 00:00:00,74858.14870100339,bitcoin
2026-03-18 00:00:00,73926.27899152413,bitcoin
2026-03-19 00:00:00,71255.86350265636,bitcoin
2026-03-20 00:00:00,69871.4514796119,bitcoin
2026-03-21 00:00:00,70552.62530009366,bitcoin
2026-03-22 00:00:00,68733.54779458739,bitcoin
2026-03-23 00:00:00,67848.87605821833,bitcoin
2026-03-24 00:00:00,70892.82823994374,bitcoin
2026-03-25 00:00:00,70524.51175942823,bitcoin
2026-03-26 00:00:00,71309.26403856269,bitcoin
2026-03-27 00:00:00,68791.11093800364,bitcoin
2026-03-28 00:00:00,66321.016242762,bitcoin
2026-03-29 00:00:00,66321.06539994745,bitcoin
2026-03-30 00:00:00,65970.42899513361,bitcoin
2026-03-30 12:28:51,67832.05228493629,bitcoin
2025-03-31 00:00:00,1805.3378779435934,ethereum
2025-04-01 00:00:00,1824.2071367609847,ethereum
2025-04-02 00:00:00,1907.1671522994227,ethereum
2025-04-03 00:00:00,1795.761850567479,ethereum
2025-04-04 00:00:00,1818.2844199542053,ethereum
2025-04-05 00:00:00,1814.4807753449506,ethereum
2025-04-06 00:00:00,1809.935827172196,ethereum
2025-04-07 00:00:00,1574.6321611455576,ethereum
2025-04-08 00:00:00,1555.909812570873,ethereum
2025-04-09 00:00:00,1471.3608854365523,ethereum
2025-04-10 00:00:00,1662.5331604641576,ethereum
2025-04-11 00:00:00,1523.928624242526,ethereum
2025-04-12 00:00:00,1568.131690125936,ethereum
2025-04-13 00:00:00,1645.8625733156498,ethereum
2025-04-14 00:00:00,1595.4227460001084,ethereum
2025-04-15 00:00:00,1621.543195596693,ethereum
2025-04-16 00:00:00,1587.8222244021401,ethereum
2025-04-17 00:00:00,1577.7073516760117,ethereum
2025-04-18 00:00:00,1583.4764497002345,ethereum
2025-04-19 00:00:00,1589.1516208270755,ethereum
2025-04-20 00:00:00,1615.0502549158562,ethereum
2025-04-21 00:00:00,1585.4600253443446,ethereum
2025-04-22 00:00:00,1577.4465595922347,ethereum
2025-04-23 00:00:00,1759.7064599311093,ethereum
2025-04-24 00:00:00,1793.969849485534,ethereum
2025-04-25 00:00:00,1769.3925107354407,ethereum
2025-04-26 00:00:00,1788.7981804331257,ethereum
2025-04-27 00:00:00,1821.2695303291391,ethereum
2025-04-28 00:00:00,1793.6918440730135,ethereum
2025-04-29 00:00:00,1799.50191449199,ethereum
2025-04-30 00:00:00,1796.9720456768928,ethereum
2025-05-01 00:00:00,1794.0495408617828,ethereum
2025-05-02 00:00:00,1838.8543285925753,ethereum
2025-05-03 00:00:00,1841.427590836958,ethereum
2025-05-04 00:00:00,1834.501911876416,ethereum
2025-05-05 00:00:00,1808.156093844096,ethereum
2025-05-06 00:00:00,1820.0044598893596,ethereum
2025-05-07 00:00:00,1816.1686943818438,ethereum
2025-05-08 00:00:00,1810.3169269284476,ethereum
2025-05-09 00:00:00,2197.5611893238784,ethereum
2025-05-10 00:00:00,2341.407963002621,ethereum
2025-05-11 00:00:00,2583.6829051429513,ethereum
2025-05-12 00:00:00,2507.4693107597423,ethereum
2025-05-13 00:00:00,2492.426391077375,ethereum
2025-05-14 00:00:00,2676.639163127913,ethereum
2025-05-15 00:00:00,2603.7180887199615,ethereum
2025-05-16 00:00:00,2542.296692466797,ethereum
2025-05-17 00:00:00,2544.3870377235667,ethereum
2025-05-18 00:00:00,2475.0543933696913,ethereum
2025-05-19 00:00:00,2465.3409856139087,ethereum
2025-05-20 00:00:00,2526.989643891319,ethereum
2025-05-21 00:00:00,2524.2743433146065,ethereum
2025-05-22 00:00:00,2558.9502343769486,ethereum
2025-05-23 00:00:00,2657.1674447566115,ethereum
2025-05-24 00:00:00,2519.813809045145,ethereum
2025-05-25 00:00:00,2529.4429842284353,ethereum
2025-05-26 00:00:00,2546.6201163370915,ethereum
2025-05-27 00:00:00,2562.1729286392238,ethereum
2025-05-28 00:00:00,2662.0940568241435,ethereum
2025-05-29 00:00:00,2676.2674124507,ethereum
2025-05-30 00:00:00,2633.1392065286695,ethereum
2025-05-31 00:00:00,2524.4762348050726,ethereum
2025-06-01 00:00:00,2532.3627853090866,ethereum
2025-06-02 00:00:00,2538.3300584367485,ethereum
2025-06-03 00:00:00,2609.737253959435,ethereum
2025-06-04 00:00:00,2595.4689570062997,ethereum
2025-06-05 00:00:00,2610.343189828259,ethereum
2025-06-06 00:00:00,2421.601103763502,ethereum
2025-06-07 00:00:00,2481.4039836690267,ethereum
2025-06-08 00:00:00,2526.291995889778,ethereum
2025-06-09 00:00:00,2508.784123584585,ethereum
2025-06-10 00:00:00,2685.0001850413178,ethereum
2025-06-11 00:00:00,2808.503208314919,ethereum
2025-06-12 00:00:00,2776.1371915822333,ethereum
2025-06-13 00:00:00,2653.158968452672,ethereum
2025-06-14 00:00:00,2577.04861752583,ethereum
2025-06-15 00:00:00,2534.0702195359518,ethereum
2025-06-16 00:00:00,2547.8456040920437,ethereum
2025-06-17 00:00:00,2561.329843569428,ethereum
2025-06-18 00:00:00,2514.986700576147,ethereum
2025-06-19 00:00:00,2521.3334233964915,ethereum
2025-06-20 00:00:00,2522.1791903642184,ethereum
2025-06-21 00:00:00,2405.695434213183,ethereum
2025-06-22 00:00:00,2270.581996055585,ethereum
2025-06-23 00:00:00,2227.4287266371684,ethereum
2025-06-24 00:00:00,2423.899644268608,ethereum
2025-06-25 00:00:00,2446.539301545049,ethereum
2025-06-26 00:00:00,2417.2267855277296,ethereum
2025-06-27 00:00:00,2415.031864876594,ethereum
2025-06-28 00:00:00,2423.0302896731746,ethereum
2025-06-29 00:00:00,2437.133001780241,ethereum
2025-06-30 00:00:00,2502.6672721177083,ethereum
2025-07-01 00:00:00,2488.190781689803,ethereum
2025-07-02 00:00:00,2405.1045592800183,ethereum
2025-07-03 00:00:00,2574.067718495133,ethereum
2025-07-04 00:00:00,2590.132231590221,ethereum
2025-07-05 00:00:00,2509.236345783362,ethereum
2025-07-06 00:00:00,2517.37917835065,ethereum
2025-07-07 00:00:00,2571.358192115984,ethereum
2025-07-08 00:00:00,2543.6317028067488,ethereum
2025-07-09 00:00:00,2615.7759888945047,ethereum
2025-07-10 00:00:00,2772.5795626609174,ethereum
2025-07-11 00:00:00,2948.4462027029053,ethereum
2025-07-12 00:00:00,2958.8514450990992,ethereum
2025-07-13 00:00:00,2942.9616055388096,ethereum
2025-07-14 00:00:00,2974.2654952333387,ethereum
2025-07-15 00:00:00,3012.1797069059276,ethereum
2025-07-16 00:00:00,3133.069857747011,ethereum
2025-07-17 00:00:00,3368.126521526108,ethereum
2025-07-18 00:00:00,3481.8828152374017,ethereum
2025-07-19 00:00:00,3547.317079001209,ethereum
2025-07-20 00:00:00,3594.3185010809702,ethereum
2025-07-21 00:00:00,3758.605581813957,ethereum
2025-07-22 00:00:00,3765.453624023574,ethereum
2025-07-23 00:00:00,3746.9406687316323,ethereum
2025-07-24 00:00:00,3630.053531480921,ethereum
2025-07-25 00:00:00,3708.4299352383423,ethereum
2025-07-26 00:00:00,3723.0529092785596,ethereum
2025-07-27 00:00:00,3742.4314258659915,ethereum
2025-07-28 00:00:00,3864.1248374654765,ethereum
2025-07-29 00:00:00,3786.303845995956,ethereum
2025-07-30 00:00:00,3788.5983716058226,ethereum
2025-07-31 00:00:00,3807.4166010824188,ethereum
2025-08-01 00:00:00,3696.6628530851194,ethereum
2025-08-02 00:00:00,3483.1789551579504,ethereum
2025-08-03 00:00:00,3397.4855484143177,ethereum
2025-08-04 00:00:00,3497.573127822404,ethereum
2025-08-05 00:00:00,3715.7090148550706,ethereum
2025-08-06 00:00:00,3612.442432236669,ethereum
2025-08-07 00:00:00,3684.0459195726726,ethereum
2025-08-08 00:00:00,3911.2609462690816,ethereum
2025-08-09 00:00:00,4012.97697001236,ethereum
2025-08-10 00:00:00,4265.563258333516,ethereum
2025-08-11 00:00:00,4253.591618951185,ethereum
2025-08-12 00:00:00,4228.824213261163,ethereum
2025-08-13 00:00:00,4606.809427709522,ethereum
2025-08-14 00:00:00,4763.652535322159,ethereum
2025-08-15 00:00:00,4554.291501538621,ethereum
2025-08-16 00:00:00,4430.532465017841,ethereum
2025-08-17 00:00:00,4426.826913311333,ethereum
2025-08-18 00:00:00,4487.118013759226,ethereum
2025-08-19 00:00:00,4317.2757573282315,ethereum
2025-08-20 00:00:00,4074.495786100515,ethereum
2025-08-21 00:00:00,4330.491598768078,ethereum
2025-08-22 00:00:00,4224.438592580698,ethereum
2025-08-23 00:00:00,4829.225541798332,ethereum
2025-08-24 00:00:00,4773.884088598777,ethereum
2025-08-25 00:00:00,4778.10916071381,ethereum
2025-08-26 00:00:00,4381.626176071471,ethereum
2025-08-27 00:00:00,4602.369685333965,ethereum
2025-08-28 00:00:00,4500.1451479982325,ethereum
2025-08-29 00:00:00,4507.560431032719,ethereum
2025-08-30 00:00:00,4364.358521430426,ethereum
2025-08-31 00:00:00,4373.360357620914,ethereum
2025-09-01 00:00:00,4388.931464519364,ethereum
2025-09-02 00:00:00,4303.202222745541,ethereum
2025-09-03 00:00:00,4325.856306225941,ethereum
2025-09-04 00:00:00,4449.8670977283255,ethereum
2025-09-05 00:00:00,4298.094660544595,ethereum
2025-09-06 00:00:00,4306.613513100346,ethereum
2025-09-07 00:00:00,4273.110024157841,ethereum
2025-09-08 00:00:00,4304.032421076036,ethereum
2025-09-09 00:00:00,4309.685702772004,ethereum
2025-09-10 00:00:00,4309.342746120013,ethereum
2025-09-11 00:00:00,4347.476803670656,ethereum
2025-09-12 00:00:00,4459.31901599882,ethereum
2025-09-13 00:00:00,4708.841744149995,ethereum
2025-09-14 00:00:00,4667.699652630318,ethereum
2025-09-15 00:00:00,4609.786110950785,ethereum
2025-09-16 00:00:00,4524.244939102515,ethereum
2025-09-17 00:00:00,4504.266635522813,ethereum
2025-09-18 00:00:00,4591.768794331328,ethereum
2025-09-19 00:00:00,4590.6367372135155,ethereum
2025-09-20 00:00:00,4470.479474009387,ethereum
2025-09-21 00:00:00,4481.799472368209,ethereum
2025-09-22 00:00:00,4452.87113037789,ethereum
2025-09-23 00:00:00,4199.951774017639,ethereum
2025-09-24 00:00:00,4166.1905498775295,ethereum
2025-09-25 00:00:00,4148.65682762035,ethereum
2025-09-26 00:00:00,3863.0632875907245,ethereum
2025-09-27 00:00:00,4037.0979210260916,ethereum
2025-09-28 00:00:00,4018.167453105732,ethereum
2025-09-29 00:00:00,4141.839664086501,ethereum
2025-09-30 00:00:00,4215.61278947927,ethereum
2025-10-01 00:00:00,4144.230463371581,ethereum
2025-10-02 00:00:00,4343.951983440489,ethereum
2025-10-03 00:00:00,4484.006245909478,ethereum
2025-10-04 00:00:00,4515.759068159723,ethereum
2025-10-05 00:00:00,4487.706651673285,ethereum
2025-10-06 00:00:00,4515.321391965295,ethereum
2025-10-07 00:00:00,4689.131734746596,ethereum
2025-10-08 00:00:00,4454.32846286666,ethereum
2025-10-09 00:00:00,4527.578004547945,ethereum
2025-10-10 00:00:00,4368.649439385323,ethereum
2025-10-11 00:00:00,3835.632842050135,ethereum
2025-10-12 00:00:00,3749.218185954949,ethereum
2025-10-13 00:00:00,4159.729307791921,ethereum
2025-10-14 00:00:00,4246.217461554773,ethereum
2025-10-15 00:00:00,4128.888447033946,ethereum
2025-10-16 00:00:00,3983.1544356894233,ethereum
2025-10-17 00:00:00,3890.1993012479857,ethereum
2025-10-18 00:00:00,3831.244175835675,ethereum
2025-10-19 00:00:00,3889.4990302043157,ethereum
2025-10-20 00:00:00,3985.0765644046796,ethereum
2025-10-21 00:00:00,3978.7901551344357,ethereum
2025-10-22 00:00:00,3877.4871979550117,ethereum
2025-10-23 00:00:00,3801.7907952382916,ethereum
2025-10-24 00:00:00,3855.8421162401205,ethereum
2025-10-25 00:00:00,3933.232269901015,ethereum
2025-10-26 00:00:00,3952.213557935584,ethereum
2025-10-27 00:00:00,4161.590896249249,ethereum
2025-10-28 00:00:00,4123.206220671679,ethereum
2025-10-29 00:00:00,3982.3127893175442,ethereum
2025-10-30 00:00:00,3897.359267616961,ethereum
2025-10-31 00:00:00,3802.2953645331804,ethereum
2025-11-01 00:00:00,3847.298177365196,ethereum
2025-11-02 00:00:00,3872.2118961957594,ethereum
2025-11-03 00:00:00,3910.0947691627284,ethereum
2025-11-04 00:00:00,3600.71550248779,ethereum
2025-11-05 00:00:00,3296.7437604313104,ethereum
2025-11-06 00:00:00,3427.6905913706814,ethereum
2025-11-07 00:00:00,3308.918164921951,ethereum
2025-11-08 00:00:00,3434.3512285299594,ethereum
2025-11-09 00:00:00,3401.4594003397083,ethereum
2025-11-10 00:00:00,3576.2547046627064,ethereum
2025-11-11 00:00:00,3564.6105957999334,ethereum
2025-11-12 00:00:00,3416.781328259322,ethereum
2025-11-13 00:00:00,3409.6144555411624,ethereum
2025-11-14 00:00:00,3235.7276362968546,ethereum
2025-11-15 00:00:00,3106.601287865052,ethereum
2025-11-16 00:00:00,3170.1129807404664,ethereum
2025-11-17 00:00:00,3101.686799467,ethereum
2025-11-18 00:00:00,3021.3021576301335,ethereum
2025-11-19 00:00:00,3117.2225871583155,ethereum
2025-11-20 00:00:00,3017.7483614097955,ethereum
2025-11-21 00:00:00,2832.068358334293,ethereum
2025-11-22 00:00:00,2764.735218675169,ethereum
2025-11-23 00:00:00,2768.6178294996353,ethereum
2025-11-24 00:00:00,2799.8149340924633,ethereum
2025-11-25 00:00:00,2953.327645752226,ethereum
2025-11-26 00:00:00,2955.046469321271,ethereum
2025-11-27 00:00:00,3027.477249132549,ethereum
2025-11-28 00:00:00,3015.6118196920934,ethereum
2025-11-29 00:00:00,3033.135645414151,ethereum
2025-11-30 00:00:00,2991.2330117032593,ethereum
2025-12-01 00:00:00,2992.8341859495977,ethereum
2025-12-02 00:00:00,2799.0367919901605,ethereum
2025-12-03 00:00:00,2995.751149322771,ethereum
2025-12-04 00:00:00,3195.4089919085554,ethereum
2025-12-05 00:00:00,3133.698235618616,ethereum
2025-12-06 00:00:00,3022.6564205232035,ethereum
2025-12-07 00:00:00,3039.358573133242,ethereum
2025-12-08 00:00:00,3052.976330436545,ethereum
2025-12-09 00:00:00,3125.321462183988,ethereum
2025-12-10 00:00:00,3322.469217836626,ethereum
2025-12-11 00:00:00,3326.260211637518,ethereum
2025-12-12 00:00:00,3236.0986208578574,ethereum
2025-12-13 00:00:00,3085.316694358101,ethereum
2025-12-14 00:00:00,3115.225428835284,ethereum
2025-12-15 00:00:00,3065.4912355563642,ethereum
2025-12-16 00:00:00,2964.488557692104,ethereum
2025-12-17 00:00:00,2964.2627915054686,ethereum
2025-12-18 00:00:00,2827.8041755024283,ethereum
2025-12-19 00:00:00,2826.5948465107654,ethereum
2025-12-20 00:00:00,2976.796869557769,ethereum
2025-12-21 00:00:00,2977.162263207443,ethereum
2025-12-22 00:00:00,3001.6008377810244,ethereum
2025-12-23 00:00:00,3005.786780691547,ethereum
2025-12-24 00:00:00,2965.193660040505,ethereum
2025-12-25 00:00:00,2945.9878145019857,ethereum
2025-12-26 00:00:00,2904.252344599994,ethereum
2025-12-27 00:00:00,2926.695639112761,ethereum
2025-12-28 00:00:00,2948.8621262576116,ethereum
2025-12-29 00:00:00,2947.8597605720547,ethereum
2025-12-30 00:00:00,2934.215601758931,ethereum
2025-12-31 00:00:00,2970.055474481003,ethereum
2026-01-01 00:00:00,2966.7741798134107,ethereum
2026-01-02 00:00:00,3000.4191168879165,ethereum
2026-01-03 00:00:00,3121.9006724537576,ethereum
2026-01-04 00:00:00,3126.041091396286,ethereum
2026-01-05 00:00:00,3139.057041912684,ethereum
2026-01-06 00:00:00,3228.2962247842056,ethereum
2026-01-07 00:00:00,3295.101927879638,ethereum
2026-01-08 00:00:00,3164.794750249208,ethereum
2026-01-09 00:00:00,3104.220322474917,ethereum
2026-01-10 00:00:00,3083.1361173724354,ethereum
2026-01-11 00:00:00,3082.9653288303607,ethereum
2026-01-12 00:00:00,3119.3619360372772,ethereum
2026-01-13 00:00:00,3090.2827206647894,ethereum
2026-01-14 00:00:00,3319.9354070565078,ethereum
2026-01-15 00:00:00,3356.4964063628336,ethereum
2026-01-16 00:00:00,3318.2037023491666,ethereum
2026-01-17 00:00:00,3296.062650076136,ethereum
2026-01-18 00:00:00,3306.8712226908783,ethereum
2026-01-19 00:00:00,3284.3194316465483,ethereum
2026-01-20 00:00:00,3185.6644636922747,ethereum
2026-01-21 00:00:00,2935.6234193160412,ethereum
2026-01-22 00:00:00,2976.0491465641335,ethereum
2026-01-23 00:00:00,2948.277889615024,ethereum
2026-01-24 00:00:00,2950.9128485703054,ethereum
2026-01-25 00:00:00,2949.197384616335,ethereum
2026-01-26 00:00:00,2814.1853835458546,ethereum
2026-01-27 00:00:00,2927.836546921288,ethereum
2026-01-28 00:00:00,3021.091516998928,ethereum
2026-01-29 00:00:00,3006.8071129555346,ethereum
2026-01-30 00:00:00,2818.817890220326,ethereum
2026-01-31 00:00:00,2702.40799526457,ethereum
2026-02-01 00:00:00,2443.9290245632774,ethereum
2026-02-02 00:00:00,2269.3288518651166,ethereum
2026-02-03 00:00:00,2344.512261445349,ethereum
2026-02-04 00:00:00,2226.985635575225,ethereum
2026-02-05 00:00:00,2152.0870116729375,ethereum
2026-02-06 00:00:00,1820.5693215574129,ethereum
2026-02-07 00:00:00,2060.7349645674162,ethereum
2026-02-08 00:00:00,2091.040353689534,ethereum
2026-02-09 00:00:00,2095.1305644770564,ethereum
2026-02-10 00:00:00,2104.4577921908335,ethereum
2026-02-11 00:00:00,2018.9237788543585,ethereum
2026-02-12 00:00:00,1939.4321739711042,ethereum
2026-02-13 00:00:00,1945.7351413092624,ethereum
2026-02-14 00:00:00,2047.3626742531244,ethereum
2026-02-15 00:00:00,2085.5236826118394,ethereum
2026-02-16 00:00:00,1963.9572853026268,ethereum
2026-02-17 00:00:00,2000.6104432030938,ethereum
2026-02-18 00:00:00,1992.004854467171,ethereum
2026-02-19 00:00:00,1954.7534951528544,ethereum
2026-02-20 00:00:00,1946.9092613594232,ethereum
2026-02-21 00:00:00,1967.8121148578189,ethereum
2026-02-22 00:00:00,1973.6643315860636,ethereum
2026-02-23 00:00:00,1954.1913563168575,ethereum
2026-02-24 00:00:00,1853.695790383818,ethereum
2026-02-25 00:00:00,1852.8102933693347,ethereum
2026-02-26 00:00:00,2053.1886740789387,ethereum
2026-02-27 00:00:00,2027.3015182289616,ethereum
2026-02-28 00:00:00,1931.3205870910035,ethereum
2026-03-01 00:00:00,1965.036620141305,ethereum
2026-03-02 00:00:00,1938.411487707785,ethereum
2026-03-03 00:00:00,2029.443994398502,ethereum
2026-03-04 00:00:00,1982.4582786533451,ethereum
2026-03-05 00:00:00,2125.8345858015964,ethereum
2026-03-06 00:00:00,2074.5222481851615,ethereum
2026-03-07 00:00:00,1980.7782841320018,ethereum
2026-03-08 00:00:00,1969.6937981965013,ethereum
2026-03-09 00:00:00,1938.6249253514961,ethereum
2026-03-10 00:00:00,1992.355228734493,ethereum
2026-03-11 00:00:00,2035.2089486782504,ethereum
2026-03-12 00:00:00,2051.7311684113824,ethereum
2026-03-13 00:00:00,2076.5162283684745,ethereum
2026-03-14 00:00:00,2093.00633968562,ethereum
2026-03-15 00:00:00,2096.556369062344,ethereum
2026-03-16 00:00:00,2175.059915408281,ethereum
2026-03-17 00:00:00,2351.172929558985,ethereum
2026-03-18 00:00:00,2318.1196031651903,ethereum
2026-03-19 00:00:00,2203.380058379178,ethereum
2026-03-20 00:00:00,2137.450038431429,ethereum
2026-03-21 00:00:00,2146.971987874902,ethereum
2026-03-22 00:00:00,2078.0492129718186,ethereum
2026-03-23 00:00:00,2053.1449566818205,ethereum
2026-03-24 00:00:00,2151.498274966905,ethereum
2026-03-25 00:00:00,2155.6817607237,ethereum
2026-03-26 00:00:00,2168.2595767488515,ethereum
2026-03-27 00:00:00,2059.332619583916,ethereum
2026-03-28 00:00:00,1991.9001004362854,ethereum
2026-03-29 00:00:00,1992.7681119939894,ethereum
2026-03-30 00:00:00,1983.184167632635,ethereum
2026-03-30 12:28:36,2069.3616007505966,ethereum
2025-03-31 00:00:00,124.5806499329744,solana
2025-04-01 00:00:00,124.86617842858315,solana
2025-04-02 00:00:00,126.80693682115113,solana
2025-04-03 00:00:00,118.08550586157003,solana
2025-04-04 00:00:00,117.1929518844708,solana
2025-04-05 00:00:00,122.71307466195722,solana
2025-04-06 00:00:00,120.16838205477265,solana
2025-04-07 00:00:00,105.76515013740064,solana
2025-04-08 00:00:00,106.7967654056102,solana
2025-04-09 00:00:00,105.48654682895575,solana
2025-04-10 00:00:00,118.96288063114291,solana
2025-04-11 00:00:00,112.88616853404648,solana
2025-04-12 00:00:00,121.39249540173658,solana
2025-04-13 00:00:00,132.15438529607428,solana
2025-04-14 00:00:00,128.2347432835372,solana
2025-04-15 00:00:00,129.42181202590046,solana
2025-04-16 00:00:00,126.3038818388089,solana
2025-04-17 00:00:00,131.4761427933663,solana
2025-04-18 00:00:00,134.6151648808524,solana
2025-04-19 00:00:00,133.9760882871713,solana
2025-04-20 00:00:00,139.64248014652355,solana
2025-04-21 00:00:00,137.6315829179827,solana
2025-04-22 00:00:00,136.3303974884886,solana
2025-04-23 00:00:00,148.80397504642707,solana
2025-04-24 00:00:00,150.9999108899842,solana
2025-04-25 00:00:00,152.3299363576059,solana
2025-04-26 00:00:00,150.92008896105446,solana
2025-04-27 00:00:00,149.14633083954075,solana
2025-04-28 00:00:00,148.2466719511348,solana
2025-04-29 00:00:00,147.99083303267335,solana
2025-04-30 00:00:00,146.49305755147196,solana
2025-05-01 00:00:00,147.73348327834748,solana
2025-05-02 00:00:00,150.76046702861854,solana
2025-05-03 00:00:00,147.97213909446802,solana
2025-05-04 00:00:00,146.79754814764868,solana
2025-05-05 00:00:00,143.9823040324787,solana
2025-05-06 00:00:00,146.81070557078957,solana
2025-05-07 00:00:00,146.90938773866714,solana
2025-05-08 00:00:00,147.20059726659957,solana
2025-05-09 00:00:00,163.41627317514832,solana
2025-05-10 00:00:00,172.6970765026263,solana
2025-05-11 00:00:00,177.3428319704922,solana
2025-05-12 00:00:00,172.85779222329435,solana
2025-05-13 00:00:00,174.41950190990173,solana
2025-05-14 00:00:00,184.05379777179434,solana
2025-05-15 00:00:00,176.45507175799847,solana
2025-05-16 00:00:00,168.75269732863256,solana
2025-05-17 00:00:00,167.76812404954248,solana
2025-05-18 00:00:00,165.9394166641985,solana
2025-05-19 00:00:00,171.54067495745267,solana
2025-05-20 00:00:00,166.7148813421899,solana
2025-05-21 00:00:00,168.38572912424627,solana
2025-05-22 00:00:00,173.96771434765478,solana
2025-05-23 00:00:00,179.57884486750282,solana
2025-05-24 00:00:00,174.43566967519817,solana
2025-05-25 00:00:00,175.9976176396849,solana
2025-05-26 00:00:00,175.13203918726265,solana
2025-05-27 00:00:00,174.71672204451494,solana
2025-05-28 00:00:00,176.57784495904014,solana
2025-05-29 00:00:00,172.12073410994773,solana
2025-05-30 00:00:00,166.83894593726552,solana
2025-05-31 00:00:00,156.51262963204462,solana
2025-06-01 00:00:00,156.86968538083693,solana
2025-06-02 00:00:00,157.63092185153255,solana
2025-06-03 00:00:00,156.97126157615844,solana
2025-06-04 00:00:00,155.57609294535118,solana
2025-06-05 00:00:00,153.52933334658826,solana
2025-06-06 00:00:00,144.54778524030908,solana
2025-06-07 00:00:00,148.27289869882955,solana
2025-06-08 00:00:00,150.07536034230216,solana
2025-06-09 00:00:00,152.50446458828966,solana
2025-06-10 00:00:00,161.15980951265985,solana
2025-06-11 00:00:00,164.9644225697288,solana
2025-06-12 00:00:00,161.01986639557893,solana
2025-06-13 00:00:00,152.6604566097001,solana
2025-06-14 00:00:00,148.53042859104298,solana
2025-06-15 00:00:00,144.75154594223267,solana
2025-06-16 00:00:00,152.684889859998,solana
2025-06-17 00:00:00,151.43554856186984,solana
2025-06-18 00:00:00,147.99188434299543,solana
2025-06-19 00:00:00,146.27697674399295,solana
2025-06-20 00:00:00,147.09924520457085,solana
2025-06-21 00:00:00,140.04009054961782,solana
2025-06-22 00:00:00,133.71000196412658,solana
2025-06-23 00:00:00,131.8134744866569,solana
2025-06-24 00:00:00,144.7815680115998,solana
2025-06-25 00:00:00,145.8019507474219,solana
2025-06-26 00:00:00,143.37011953879949,solana
2025-06-27 00:00:00,138.97799072607012,solana
2025-06-28 00:00:00,142.12675809713753,solana
2025-06-29 00:00:00,150.7812372563586,solana
2025-06-30 00:00:00,153.31879559308874,solana
2025-07-01 00:00:00,154.9374500694811,solana
2025-07-02 00:00:00,146.84115991278014,solana
2025-07-03 00:00:00,152.1680329188485,solana
2025-07-04 00:00:00,152.28063806980848,solana
2025-07-05 00:00:00,147.76302956048175,solana
2025-07-06 00:00:00,147.60067170952217,solana
2025-07-07 00:00:00,151.92103968743746,solana
2025-07-08 00:00:00,148.79005045485957,solana
2025-07-09 00:00:00,151.83083400485827,solana
2025-07-10 00:00:00,157.20772193763892,solana
2025-07-11 00:00:00,163.85821380442644,solana
2025-07-12 00:00:00,162.75319398002793,solana
2025-07-13 00:00:00,160.46917812212587,solana
2025-07-14 00:00:00,161.2426294578984,solana
2025-07-15 00:00:00,162.28222240485653,solana
2025-07-16 00:00:00,163.96583057213138,solana
2025-07-17 00:00:00,173.8289647474319,solana
2025-07-18 00:00:00,176.0976453468298,solana
2025-07-19 00:00:00,177.36979874415755,solana
2025-07-20 00:00:00,176.91082733883786,solana
2025-07-21 00:00:00,180.99223128612934,solana
2025-07-22 00:00:00,196.42381167802614,solana
2025-07-23 00:00:00,205.2909062553001,solana
2025-07-24 00:00:00,189.5923023530127,solana
2025-07-25 00:00:00,182.56084286755046,solana
2025-07-26 00:00:00,186.17182549934944,solana
2025-07-27 00:00:00,184.9395837508933,solana
2025-07-28 00:00:00,188.5758287219798,solana
2025-07-29 00:00:00,183.03025266261037,solana
2025-07-30 00:00:00,181.16776459533068,solana
2025-07-31 00:00:00,177.8780960276323,solana
2025-08-01 00:00:00,172.1630467364299,solana
2025-08-02 00:00:00,162.79127248081605,solana
2025-08-03 00:00:00,158.53125175932496,solana
2025-08-04 00:00:00,161.90312387611363,solana
2025-08-05 00:00:00,169.41522028427192,solana
2025-08-06 00:00:00,164.08356857308905,solana
2025-08-07 00:00:00,168.1731958529984,solana
2025-08-08 00:00:00,175.3851480311338,solana
2025-08-09 00:00:00,176.79535226118225,solana
2025-08-10 00:00:00,180.38638312645054,solana
2025-08-11 00:00:00,182.9089507475702,solana
2025-08-12 00:00:00,175.04512640796176,solana
2025-08-13 00:00:00,192.59412792428108,solana
2025-08-14 00:00:00,201.8186877395025,solana
2025-08-15 00:00:00,192.75680405400084,solana
2025-08-16 00:00:00,185.5996951638033,solana
2025-08-17 00:00:00,189.76942306167987,solana
2025-08-18 00:00:00,191.64098987374877,solana
2025-08-19 00:00:00,183.0130381229085,solana
2025-08-20 00:00:00,176.4002245667356,solana
2025-08-21 00:00:00,187.2669439751863,solana
2025-08-22 00:00:00,180.24297051206173,solana
2025-08-23 00:00:00,200.2605865005056,solana
2025-08-24 00:00:00,204.01931609622184,solana
2025-08-25 00:00:00,205.88090746426144,solana
2025-08-26 00:00:00,187.18525315161807,solana
2025-08-27 00:00:00,195.9857969070515,solana
2025-08-28 00:00:00,203.29341765413957,solana
2025-08-29 00:00:00,214.54958917125032,solana
2025-08-30 00:00:00,205.08335316941142,solana
2025-08-31 00:00:00,202.71014197799335,solana
2025-09-01 00:00:00,200.90099462282365,solana
2025-09-02 00:00:00,196.88381950999033,solana
2025-09-03 00:00:00,209.23036715955652,solana
2025-09-04 00:00:00,210.678785187558,solana
2025-09-05 00:00:00,202.68556246131902,solana
2025-09-06 00:00:00,203.47913677981902,solana
2025-09-07 00:00:00,200.18665937035894,solana
2025-09-08 00:00:00,206.51848846856373,solana
2025-09-09 00:00:00,214.08956690665315,solana
2025-09-10 00:00:00,217.38518604767611,solana
2025-09-11 00:00:00,223.9996568751895,solana
2025-09-12 00:00:00,228.6994803098487,solana
2025-09-13 00:00:00,242.25824628845254,solana
2025-09-14 00:00:00,242.6675990847208,solana
2025-09-15 00:00:00,240.51910214123612,solana
2025-09-16 00:00:00,233.8358169548661,solana
2025-09-17 00:00:00,237.00322352946304,solana
2025-09-18 00:00:00,244.94703055919837,solana
2025-09-19 00:00:00,247.55626201820508,solana
2025-09-20 00:00:00,238.33823551145915,solana
2025-09-21 00:00:00,239.46337999355012,solana
2025-09-22 00:00:00,236.64867854250417,solana
2025-09-23 00:00:00,220.33692191838946,solana
2025-09-24 00:00:00,214.17925267896382,solana
2025-09-25 00:00:00,211.59608812684968,solana
2025-09-26 00:00:00,192.18165357078567,solana
2025-09-27 00:00:00,205.1199454921513,solana
2025-09-28 00:00:00,203.5749247337909,solana
2025-09-29 00:00:00,210.7450481378904,solana
2025-09-30 00:00:00,212.92955681530267,solana
2025-10-01 00:00:00,208.6992944881733,solana
2025-10-02 00:00:00,221.2188833389755,solana
2025-10-03 00:00:00,234.61674360916186,solana
2025-10-04 00:00:00,233.06458024680495,solana
2025-10-05 00:00:00,227.93905953905113,solana
2025-10-06 00:00:00,228.5443211026712,solana
2025-10-07 00:00:00,232.5968012360869,solana
2025-10-08 00:00:00,220.92325353514107,solana
2025-10-09 00:00:00,229.06280907281337,solana
2025-10-10 00:00:00,220.8065008190006,solana
2025-10-11 00:00:00,189.8912952568837,solana
2025-10-12 00:00:00,178.3062307703534,solana
2025-10-13 00:00:00,197.03997380287893,solana
2025-10-14 00:00:00,207.92928081408232,solana
2025-10-15 00:00:00,202.77828792883702,solana
2025-10-16 00:00:00,193.96279214560616,solana
2025-10-17 00:00:00,184.57406686923576,solana
2025-10-18 00:00:00,182.07052141400303,solana
2025-10-19 00:00:00,187.55870371602296,solana
2025-10-20 00:00:00,187.62095813065147,solana
2025-10-21 00:00:00,189.83490809801577,solana
2025-10-22 00:00:00,185.78992071057104,solana
2025-10-23 00:00:00,180.02645418265774,solana
2025-10-24 00:00:00,191.42417371185576,solana
2025-10-25 00:00:00,193.47566388653937,solana
2025-10-26 00:00:00,194.011016152678,solana
2025-10-27 00:00:00,200.07095684438153,solana
2025-10-28 00:00:00,198.81130112961708,solana
2025-10-29 00:00:00,194.40531681984675,solana
2025-10-30 00:00:00,194.22060377742542,solana
2025-10-31 00:00:00,184.28637111326051,solana
2025-11-01 00:00:00,187.2627467672827,solana
2025-11-02 00:00:00,186.3556506725306,solana
2025-11-03 00:00:00,187.19632465985816,solana
2025-11-04 00:00:00,165.92718959407298,solana
2025-11-05 00:00:00,155.5134380549323,solana
2025-11-06 00:00:00,162.64616988523213,solana
2025-11-07 00:00:00,154.84889388443324,solana
2025-11-08 00:00:00,161.87760775808556,solana
2025-11-09 00:00:00,158.15618865832252,solana
2025-11-10 00:00:00,164.26842094537048,solana
2025-11-11 00:00:00,167.54840917926455,solana
2025-11-12 00:00:00,154.34628754698477,solana
2025-11-13 00:00:00,153.19515043362588,solana
2025-11-14 00:00:00,145.15580784802805,solana
2025-11-15 00:00:00,139.00276447047776,solana
2025-11-16 00:00:00,139.59145707175173,solana
2025-11-17 00:00:00,137.4975729739525,solana
2025-11-18 00:00:00,130.68858764032888,solana
2025-11-19 00:00:00,140.60155456478054,solana
2025-11-20 00:00:00,136.43470513687834,solana
2025-11-21 00:00:00,133.60337500165332,solana
2025-11-22 00:00:00,128.48401421465474,solana
2025-11-23 00:00:00,127.62806806856854,solana
2025-11-24 00:00:00,130.84897517738048,solana
2025-11-25 00:00:00,138.3677130507636,solana
2025-11-26 00:00:00,139.0062092062614,solana
2025-11-27 00:00:00,142.92252259467037,solana
2025-11-28 00:00:00,140.8298940142595,solana
2025-11-29 00:00:00,137.46833804153275,solana
2025-11-30 00:00:00,136.08875145366935,solana
2025-12-01 00:00:00,134.57716421907872,solana
2025-12-02 00:00:00,126.74719818442522,solana
2025-12-03 00:00:00,138.68381774415911,solana
2025-12-04 00:00:00,145.03241215787318,solana
2025-12-05 00:00:00,139.0035856702843,solana
2025-12-06 00:00:00,133.19940782316152,solana
2025-12-07 00:00:00,132.21332316930986,solana
2025-12-08 00:00:00,131.63667798299971,solana
2025-12-09 00:00:00,133.2876975493966,solana
2025-12-10 00:00:00,138.01268988378362,solana
2025-12-11 00:00:00,136.51252974936924,solana
2025-12-12 00:00:00,136.44042727909604,solana
2025-12-13 00:00:00,132.4674041542392,solana
2025-12-14 00:00:00,133.22106900469535,solana
2025-12-15 00:00:00,129.57660231376835,solana
2025-12-16 00:00:00,127.70162570713056,solana
2025-12-17 00:00:00,128.8095625908113,solana
2025-12-18 00:00:00,123.08121963590442,solana
2025-12-19 00:00:00,119.47102833526988,solana
2025-12-20 00:00:00,126.1879023223493,solana
2025-12-21 00:00:00,125.78919713672443,solana
2025-12-22 00:00:00,126.01866473018241,solana
2025-12-23 00:00:00,125.76066206540068,solana
2025-12-24 00:00:00,123.9193038826096,solana
2025-12-25 00:00:00,122.56774375278773,solana
2025-12-26 00:00:00,120.09013792486492,solana
2025-12-27 00:00:00,122.18760348085107,solana
2025-12-28 00:00:00,124.63847125670826,solana
2025-12-29 00:00:00,125.19116108131975,solana
2025-12-30 00:00:00,123.09934938681572,solana
2025-12-31 00:00:00,124.85607450703749,solana
2026-01-01 00:00:00,124.5164171836461,solana
2026-01-02 00:00:00,126.73481257128296,solana
2026-01-03 00:00:00,132.0483994914527,solana
2026-01-04 00:00:00,133.28816839764232,solana
2026-01-05 00:00:00,133.86037430010327,solana
2026-01-06 00:00:00,138.14624626670062,solana
2026-01-07 00:00:00,141.10228180261717,solana
2026-01-08 00:00:00,136.27267880262593,solana
2026-01-09 00:00:00,138.2946068711558,solana
2026-01-10 00:00:00,135.84243943306166,solana
2026-01-11 00:00:00,135.80170404935623,solana
2026-01-12 00:00:00,139.4276268849873,solana
2026-01-13 00:00:00,139.1103423634471,solana
2026-01-14 00:00:00,145.09717589746134,solana
2026-01-15 00:00:00,146.70846905618052,solana
2026-01-16 00:00:00,142.27295549504774,solana
2026-01-17 00:00:00,144.82360113807155,solana
2026-01-18 00:00:00,143.70920085761944,solana
2026-01-19 00:00:00,138.5946736566872,solana
2026-01-20 00:00:00,133.43360509528503,solana
2026-01-21 00:00:00,125.81062416788743,solana
2026-01-22 00:00:00,129.33791858850012,solana
2026-01-23 00:00:00,128.22398381822603,solana
2026-01-24 00:00:00,127.24900586659474,solana
2026-01-25 00:00:00,127.04951352257324,solana
2026-01-26 00:00:00,118.89050038610903,solana
2026-01-27 00:00:00,124.20384054241987,solana
2026-01-28 00:00:00,127.1523419223292,solana
2026-01-29 00:00:00,125.04471508843886,solana
2026-01-30 00:00:00,117.61753429620335,solana
2026-01-31 00:00:00,117.30168147280109,solana
2026-02-01 00:00:00,105.3546472133961,solana
2026-02-02 00:00:00,100.89974142414994,solana
2026-02-03 00:00:00,104.51783551612739,solana
2026-02-04 00:00:00,97.61983239747126,solana
2026-02-05 00:00:00,92.2922393896508,solana
2026-02-06 00:00:00,78.50039816888382,solana
2026-02-07 00:00:00,87.57576306445752,solana
2026-02-08 00:00:00,87.6724462446035,solana
2026-02-09 00:00:00,87.04941449412165,solana
2026-02-10 00:00:00,86.83640091013909,solana
2026-02-11 00:00:00,82.859350330399,solana
2026-02-12 00:00:00,79.26902777120368,solana
2026-02-13 00:00:00,78.24213346951659,solana
2026-02-14 00:00:00,84.25776148298227,solana
2026-02-15 00:00:00,88.16260342417432,solana
2026-02-16 00:00:00,85.9432570451624,solana
2026-02-17 00:00:00,86.47724615896905,solana
2026-02-18 00:00:00,85.08405734921202,solana
2026-02-19 00:00:00,81.51090951064302,solana
2026-02-20 00:00:00,82.32948048072353,solana
2026-02-21 00:00:00,84.48180620699738,solana
2026-02-22 00:00:00,85.22914603897226,solana
2026-02-23 00:00:00,82.62121426327303,solana
2026-02-24 00:00:00,77.74239675092372,solana
2026-02-25 00:00:00,79.15951859088946,solana
2026-02-26 00:00:00,87.54949142727354,solana
2026-02-27 00:00:00,85.91778139468347,solana
2026-02-28 00:00:00,81.97478574698155,solana
2026-03-01 00:00:00,84.43256932045497,solana
2026-03-02 00:00:00,83.59894859103784,solana
2026-03-03 00:00:00,86.6938918426954,solana
2026-03-04 00:00:00,87.21330452440068,solana
2026-03-05 00:00:00,91.04761359657869,solana
2026-03-06 00:00:00,88.75693937625566,solana
2026-03-07 00:00:00,84.69488418915218,solana
2026-03-08 00:00:00,83.17889878303106,solana
2026-03-09 00:00:00,81.67772884438665,solana
2026-03-10 00:00:00,84.97563051920119,solana
2026-03-11 00:00:00,85.74645257058538,solana
2026-03-12 00:00:00,86.62968862668771,solana
2026-03-13 00:00:00,86.97584014684948,solana
2026-03-14 00:00:00,88.1168060488462,solana
2026-03-15 00:00:00,88.02341306449867,solana
2026-03-16 00:00:00,92.1632844801209,solana
2026-03-17 00:00:00,96.21221464953886,solana
2026-03-18 00:00:00,94.72809426091275,solana
2026-03-19 00:00:00,90.03646353685959,solana
2026-03-20 00:00:00,88.8456984679191,solana
2026-03-21 00:00:00,89.90100439451884,solana
2026-03-22 00:00:00,87.81573059739495,solana
2026-03-23 00:00:00,86.23479546661513,solana
2026-03-24 00:00:00,91.37708078745013,solana
2026-03-25 00:00:00,90.87842515803004,solana
2026-03-26 00:00:00,91.64389758486668,solana
2026-03-27 00:00:00,86.37417588100612,solana
2026-03-28 00:00:00,82.96413192403311,solana
2026-03-29 00:00:00,82.01372949812922,solana
2026-03-30 00:00:00,81.33947805116354,solana
2026-03-30 12:29:00,84.15308371167777,solana
2025-03-31 00:00:00,0.6601152181346328,cardano
2025-04-01 00:00:00,0.6611376773087757,cardano
2025-04-02 00:00:00,0.6782918986781525,cardano
2025-04-03 00:00:00,0.6416810199741727,cardano
2025-04-04 00:00:00,0.650635234098672,cardano
2025-04-05 00:00:00,0.6605590488885138,cardano
2025-04-06 00:00:00,0.6562187375321188,cardano
2025-04-07 00:00:00,0.573016902460604,cardano
2025-04-08 00:00:00,0.5846653688337909,cardano
2025-04-09 00:00:00,0.5576109268777084,cardano
2025-04-10 00:00:00,0.6320092192400434,cardano
2025-04-11 00:00:00,0.6099453101466736,cardano
2025-04-12 00:00:00,0.624013663949495,cardano
2025-04-13 00:00:00,0.658135992436163,cardano
2025-04-14 00:00:00,0.6370042586934123,cardano
2025-04-15 00:00:00,0.6347389438662727,cardano
2025-04-16 00:00:00,0.6080639244271904,cardano
2025-04-17 00:00:00,0.6106653469788688,cardano
2025-04-18 00:00:00,0.6168950161106203,cardano
2025-04-19 00:00:00,0.6273043794612541,cardano
2025-04-20 00:00:00,0.6280852975713835,cardano
2025-04-21 00:00:00,0.6202087731824584,cardano
2025-04-22 00:00:00,0.6226371412727918,cardano
2025-04-23 00:00:00,0.6821362911471233,cardano
2025-04-24 00:00:00,0.6972646472481486,cardano
2025-04-25 00:00:00,0.7220676397924738,cardano
2025-04-26 00:00:00,0.7138859038055668,cardano
2025-04-27 00:00:00,0.7075935331519487,cardano
2025-04-28 00:00:00,0.704070171794187,cardano
2025-04-29 00:00:00,0.7052906740354157,cardano
2025-04-30 00:00:00,0.6957354792970168,cardano
2025-05-01 00:00:00,0.6820275063998128,cardano
2025-05-02 00:00:00,0.7048540559063339,cardano
2025-05-03 00:00:00,0.6974986414291682,cardano
2025-05-04 00:00:00,0.7013467253059199,cardano
2025-05-05 00:00:00,0.6763756494805502,cardano
2025-05-06 00:00:00,0.6631639151504879,cardano
2025-05-07 00:00:00,0.6787761903074216,cardano
2025-05-08 00:00:00,0.671376495581957,cardano
2025-05-09 00:00:00,0.7651537464755499,cardano
2025-05-10 00:00:00,0.7773024778174161,cardano
2025-05-11 00:00:00,0.8400596557571808,cardano
2025-05-12 00:00:00,0.8048629924679394,cardano
2025-05-13 00:00:00,0.8191103769126542,cardano
2025-05-14 00:00:00,0.8312541090164433,cardano
2025-05-15 00:00:00,0.7985815955519888,cardano
2025-05-16 00:00:00,0.760909266948887,cardano
2025-05-17 00:00:00,0.7605802350885046,cardano
2025-05-18 00:00:00,0.7424784161936966,cardano
2025-05-19 00:00:00,0.7518394820880364,cardano
2025-05-20 00:00:00,0.7426046048097757,cardano
2025-05-21 00:00:00,0.7456441858290309,cardano
2025-05-22 00:00:00,0.772065003489696,cardano
2025-05-23 00:00:00,0.8077548195843751,cardano
2025-05-24 00:00:00,0.748254247966839,cardano
2025-05-25 00:00:00,0.7460261925160765,cardano
2025-05-26 00:00:00,0.7589761692612583,cardano
2025-05-27 00:00:00,0.7582470752465925,cardano
2025-05-28 00:00:00,0.7578018172885506,cardano
2025-05-29 00:00:00,0.7465205662397495,cardano
2025-05-30 00:00:00,0.724272085506191,cardano
2025-05-31 00:00:00,0.6912614352706643,cardano
2025-06-01 00:00:00,0.6863035406713839,cardano
2025-06-02 00:00:00,0.6853559510305921,cardano
2025-06-03 00:00:00,0.6900620402912112,cardano
2025-06-04 00:00:00,0.684833771475063,cardano
2025-06-05 00:00:00,0.6662352525151268,cardano
2025-06-06 00:00:00,0.6279989717216173,cardano
2025-06-07 00:00:00,0.6564156318236438,cardano
2025-06-08 00:00:00,0.665097118031322,cardano
2025-06-09 00:00:00,0.6696475032429187,cardano
2025-06-10 00:00:00,0.7051927875959849,cardano
2025-06-11 00:00:00,0.7161084051691045,cardano
2025-06-12 00:00:00,0.6978609557770317,cardano
2025-06-13 00:00:00,0.6645616396607636,cardano
2025-06-14 00:00:00,0.6415287116259395,cardano
2025-06-15 00:00:00,0.6249531411165467,cardano
2025-06-16 00:00:00,0.6338091675682362,cardano
2025-06-17 00:00:00,0.6348092267777333,cardano
2025-06-18 00:00:00,0.6114224843190872,cardano
2025-06-19 00:00:00,0.6031520541269734,cardano
2025-06-20 00:00:00,0.6022517506298001,cardano
2025-06-21 00:00:00,0.5768480561772417,cardano
2025-06-22 00:00:00,0.5507083653541873,cardano
2025-06-23 00:00:00,0.5411301510006504,cardano
2025-06-24 00:00:00,0.5832401178415064,cardano
2025-06-25 00:00:00,0.5872194649270592,cardano
2025-06-26 00:00:00,0.5667721482568538,cardano
2025-06-27 00:00:00,0.5541621947716998,cardano
2025-06-28 00:00:00,0.5586998411211989,cardano
2025-06-29 00:00:00,0.5655976009022613,cardano
2025-06-30 00:00:00,0.5775074724180472,cardano
2025-07-01 00:00:00,0.5720180140652412,cardano
2025-07-02 00:00:00,0.5421512626893101,cardano
2025-07-03 00:00:00,0.5846952591552708,cardano
2025-07-04 00:00:00,0.5987839336899987,cardano
2025-07-05 00:00:00,0.5728146380802783,cardano
2025-07-06 00:00:00,0.5760131698614164,cardano
2025-07-07 00:00:00,0.5857056935866781,cardano
2025-07-08 00:00:00,0.5798100944867142,cardano
2025-07-09 00:00:00,0.5882961516358525,cardano
2025-07-10 00:00:00,0.6236218758822067,cardano
2025-07-11 00:00:00,0.6771328310749256,cardano
2025-07-12 00:00:00,0.7108207334882014,cardano
2025-07-13 00:00:00,0.7087303921384289,cardano
2025-07-14 00:00:00,0.7378983923650405,cardano
2025-07-15 00:00:00,0.733985780563862,cardano
2025-07-16 00:00:00,0.747277634667093,cardano
2025-07-17 00:00:00,0.7641507655300265,cardano
2025-07-18 00:00:00,0.8253351061679741,cardano
2025-07-19 00:00:00,0.8161741510181671,cardano
2025-07-20 00:00:00,0.8304330576753646,cardano
2025-07-21 00:00:00,0.8583354631312871,cardano
2025-07-22 00:00:00,0.8904182879941529,cardano
2025-07-23 00:00:00,0.9027605176449547,cardano
2025-07-24 00:00:00,0.815884567414226,cardano
2025-07-25 00:00:00,0.80501618368269,cardano
2025-07-26 00:00:00,0.8148215317217962,cardano
2025-07-27 00:00:00,0.8190799958273328,cardano
2025-07-28 00:00:00,0.831249582355049,cardano
2025-07-29 00:00:00,0.7906518877207298,cardano
2025-07-30 00:00:00,0.7823246045491294,cardano
2025-07-31 00:00:00,0.7642835190955796,cardano
2025-08-01 00:00:00,0.7396045672641582,cardano
2025-08-02 00:00:00,0.7145221914128183,cardano
2025-08-03 00:00:00,0.6980981330649948,cardano
2025-08-04 00:00:00,0.7262374028449563,cardano
2025-08-05 00:00:00,0.7552702347266081,cardano
2025-08-06 00:00:00,0.7263781593451547,cardano
2025-08-07 00:00:00,0.7414880462752388,cardano
2025-08-08 00:00:00,0.7865689725619774,cardano
2025-08-09 00:00:00,0.7919870397270753,cardano
2025-08-10 00:00:00,0.8034979007903974,cardano
2025-08-11 00:00:00,0.8012979525448268,cardano
2025-08-12 00:00:00,0.7742441113077331,cardano
2025-08-13 00:00:00,0.8421230587329199,cardano
2025-08-14 00:00:00,0.9083262306993797,cardano
2025-08-15 00:00:00,0.9257907750447252,cardano
2025-08-16 00:00:00,0.9417993288449931,cardano
2025-08-17 00:00:00,0.9202323179786044,cardano
2025-08-18 00:00:00,0.9632097962031909,cardano
2025-08-19 00:00:00,0.9234551905457825,cardano
2025-08-20 00:00:00,0.844852910211689,cardano
2025-08-21 00:00:00,0.8814325132681368,cardano
2025-08-22 00:00:00,0.8500620636669307,cardano
2025-08-23 00:00:00,0.9292153711002944,cardano
2025-08-24 00:00:00,0.9131672024037382,cardano
2025-08-25 00:00:00,0.9103477002497992,cardano
2025-08-26 00:00:00,0.8383085888787645,cardano
2025-08-27 00:00:00,0.8667872730928795,cardano
2025-08-28 00:00:00,0.8500970609404207,cardano
2025-08-29 00:00:00,0.8571816065931211,cardano
2025-08-30 00:00:00,0.8272541831683505,cardano
2025-08-31 00:00:00,0.8219618530060325,cardano
2025-09-01 00:00:00,0.8116929323571344,cardano
2025-09-02 00:00:00,0.799421995426129,cardano
2025-09-03 00:00:00,0.8345690454988189,cardano
2025-09-04 00:00:00,0.8358193960502531,cardano
2025-09-05 00:00:00,0.8103356761503423,cardano
2025-09-06 00:00:00,0.8308551338308517,cardano
2025-09-07 00:00:00,0.8185531180763999,cardano
2025-09-08 00:00:00,0.8363048012672472,cardano
2025-09-09 00:00:00,0.8646800277854038,cardano
2025-09-10 00:00:00,0.8649298409057776,cardano
2025-09-11 00:00:00,0.8853218749788114,cardano
2025-09-12 00:00:00,0.8939522635864209,cardano
2025-09-13 00:00:00,0.9169478146623894,cardano
2025-09-14 00:00:00,0.9299550781941931,cardano
2025-09-15 00:00:00,0.8884370883146469,cardano
2025-09-16 00:00:00,0.8623288816260523,cardano
2025-09-17 00:00:00,0.8803872516725199,cardano
2025-09-18 00:00:00,0.9126236395968257,cardano
2025-09-19 00:00:00,0.9252028118570796,cardano
2025-09-20 00:00:00,0.8905595744647299,cardano
2025-09-21 00:00:00,0.8925758915569314,cardano
2025-09-22 00:00:00,0.8850224534941044,cardano
2025-09-23 00:00:00,0.825573599568111,cardano
2025-09-24 00:00:00,0.8089077971236107,cardano
2025-09-25 00:00:00,0.8123841509479168,cardano
2025-09-26 00:00:00,0.7619264564902304,cardano
2025-09-27 00:00:00,0.7913610637637805,cardano
2025-09-28 00:00:00,0.7811470666284351,cardano
2025-09-29 00:00:00,0.8080370823129959,cardano
2025-09-30 00:00:00,0.80713373050909,cardano
2025-10-01 00:00:00,0.8068637853072127,cardano
2025-10-02 00:00:00,0.8491773015153895,cardano
2025-10-03 00:00:00,0.8692139848155263,cardano
2025-10-04 00:00:00,0.8664561725583831,cardano
2025-10-05 00:00:00,0.8399090418000441,cardano
2025-10-06 00:00:00,0.8375475310775687,cardano
2025-10-07 00:00:00,0.8721011125465495,cardano
2025-10-08 00:00:00,0.8210650617728257,cardano
2025-10-09 00:00:00,0.83882296513004,cardano
2025-10-10 00:00:00,0.815304028130714,cardano
2025-10-11 00:00:00,0.6386898030904008,cardano
2025-10-12 00:00:00,0.631959064431091,cardano
2025-10-13 00:00:00,0.7011687633663608,cardano
2025-10-14 00:00:00,0.7285348662016478,cardano
2025-10-15 00:00:00,0.6997448119049228,cardano
2025-10-16 00:00:00,0.6682233140928284,cardano
2025-10-17 00:00:00,0.6445410613357602,cardano
2025-10-18 00:00:00,0.6252076632789738,cardano
2025-10-19 00:00:00,0.6340674459608995,cardano
2025-10-20 00:00:00,0.6522873380531202,cardano
2025-10-21 00:00:00,0.6633267576932305,cardano
2025-10-22 00:00:00,0.6425868505706848,cardano
2025-10-23 00:00:00,0.6229496606380028,cardano
2025-10-24 00:00:00,0.6424736489099836,cardano
2025-10-25 00:00:00,0.655323651162058,cardano
2025-10-26 00:00:00,0.655259183600283,cardano
2025-10-27 00:00:00,0.6818433964586408,cardano
2025-10-28 00:00:00,0.6677783136189024,cardano
2025-10-29 00:00:00,0.6462344815151022,cardano
2025-10-30 00:00:00,0.6396415594827642,cardano
2025-10-31 00:00:00,0.6005020308237154,cardano
2025-11-01 00:00:00,0.6091366463515688,cardano
2025-11-02 00:00:00,0.6124627436807519,cardano
2025-11-03 00:00:00,0.6084487913662481,cardano
2025-11-04 00:00:00,0.5515628929830783,cardano
2025-11-05 00:00:00,0.5221979514762445,cardano
2025-11-06 00:00:00,0.5463567141721513,cardano
2025-11-07 00:00:00,0.5301976718280389,cardano
2025-11-08 00:00:00,0.5774284193527571,cardano
2025-11-09 00:00:00,0.5693083886113898,cardano
2025-11-10 00:00:00,0.5780669958919988,cardano
2025-11-11 00:00:00,0.5928514083039514,cardano
2025-11-12 00:00:00,0.5563268220032412,cardano
2025-11-13 00:00:00,0.5449227361092355,cardano
2025-11-14 00:00:00,0.5299516655318876,cardano
2025-11-15 00:00:00,0.4997404599990273,cardano
2025-11-16 00:00:00,0.503532576283571,cardano
2025-11-17 00:00:00,0.4854372175536348,cardano
2025-11-18 00:00:00,0.46433588623818545,cardano
2025-11-19 00:00:00,0.4742758437329251,cardano
2025-11-20 00:00:00,0.4623659952901655,cardano
2025-11-21 00:00:00,0.43327864085807377,cardano
2025-11-22 00:00:00,0.4092517353441109,cardano
2025-11-23 00:00:00,0.40422711181283716,cardano
2025-11-24 00:00:00,0.4087855830511881,cardano
2025-11-25 00:00:00,0.4281738044072852,cardano
2025-11-26 00:00:00,0.4219896221912819,cardano
2025-11-27 00:00:00,0.4352971872758615,cardano
2025-11-28 00:00:00,0.4341785061217995,cardano
2025-11-29 00:00:00,0.42029498445450547,cardano
2025-11-30 00:00:00,0.41552238937491265,cardano
2025-12-01 00:00:00,0.4159030076033001,cardano
2025-12-02 00:00:00,0.3859166718295545,cardano
2025-12-03 00:00:00,0.43408399808897763,cardano
2025-12-04 00:00:00,0.4506013983059428,cardano
2025-12-05 00:00:00,0.43941610845250884,cardano
2025-12-06 00:00:00,0.4160575632488133,cardano
2025-12-07 00:00:00,0.4134801451506309,cardano
2025-12-08 00:00:00,0.416366693458186,cardano
2025-12-09 00:00:00,0.43188757492468294,cardano
2025-12-10 00:00:00,0.46961615663672474,cardano
2025-12-11 00:00:00,0.45347355655552735,cardano
2025-12-12 00:00:00,0.42521283622436856,cardano
2025-12-13 00:00:00,0.4091664516133892,cardano
2025-12-14 00:00:00,0.4108578417683537,cardano
2025-12-15 00:00:00,0.39681623943445415,cardano
2025-12-16 00:00:00,0.38782994878592125,cardano
2025-12-17 00:00:00,0.38516550979644554,cardano
2025-12-18 00:00:00,0.3665425186458596,cardano
2025-12-19 00:00:00,0.3513699950904202,cardano
2025-12-20 00:00:00,0.3766048749562655,cardano
2025-12-21 00:00:00,0.37299043487625894,cardano
2025-12-22 00:00:00,0.36590836962083917,cardano
2025-12-23 00:00:00,0.37053001228758087,cardano
2025-12-24 00:00:00,0.36294569611079375,cardano
2025-12-25 00:00:00,0.35643603510161853,cardano
2025-12-26 00:00:00,0.3429765605884549,cardano
2025-12-27 00:00:00,0.34958175338513353,cardano
2025-12-28 00:00:00,0.3692021183389627,cardano
2025-12-29 00:00:00,0.36797930964958125,cardano
2025-12-30 00:00:00,0.35282457142206264,cardano
2025-12-31 00:00:00,0.3511102528327861,cardano
2026-01-01 00:00:00,0.33266848544608396,cardano
2026-01-02 00:00:00,0.3561620385901469,cardano
2026-01-03 00:00:00,0.3931049701568067,cardano
2026-01-04 00:00:00,0.38934426155670243,cardano
2026-01-05 00:00:00,0.3993819883187458,cardano
2026-01-06 00:00:00,0.4224056198958727,cardano
2026-01-07 00:00:00,0.4197205661509681,cardano
2026-01-08 00:00:00,0.4015703977322737,cardano
2026-01-09 00:00:00,0.39567627057017124,cardano
2026-01-10 00:00:00,0.39069769880959526,cardano
2026-01-11 00:00:00,0.388057434252334,cardano
2026-01-12 00:00:00,0.3901948173072007,cardano
2026-01-13 00:00:00,0.38583269299610023,cardano
2026-01-14 00:00:00,0.4201754943648495,cardano
2026-01-15 00:00:00,0.41451929004035454,cardano
2026-01-16 00:00:00,0.39358072637379005,cardano
2026-01-17 00:00:00,0.39543383895050876,cardano
2026-01-18 00:00:00,0.3962039725095254,cardano
2026-01-19 00:00:00,0.3777256948570596,cardano
2026-01-20 00:00:00,0.37019735512250185,cardano
2026-01-21 00:00:00,0.3509077527889071,cardano
2026-01-22 00:00:00,0.36551834288545615,cardano
2026-01-23 00:00:00,0.35874644488806817,cardano
2026-01-24 00:00:00,0.3599768411955781,cardano
2026-01-25 00:00:00,0.3581573392104223,cardano
2026-01-26 00:00:00,0.33874558887242673,cardano
2026-01-27 00:00:00,0.352215092283845,cardano
2026-01-28 00:00:00,0.3607127926216893,cardano
2026-01-29 00:00:00,0.3578492554310702,cardano
2026-01-30 00:00:00,0.33403555503250293,cardano
2026-01-31 00:00:00,0.32039195184496866,cardano
2026-02-01 00:00:00,0.2933197862841921,cardano
2026-02-02 00:00:00,0.2863646051047106,cardano
2026-02-03 00:00:00,0.298815192559731,cardano
2026-02-04 00:00:00,0.2905944812699618,cardano
2026-02-05 00:00:00,0.287004135336157,cardano
2026-02-06 00:00:00,0.24569164116649098,cardano
2026-02-07 00:00:00,0.27622977644165136,cardano
2026-02-08 00:00:00,0.27222668572815106,cardano
2026-02-09 00:00:00,0.27064423469208887,cardano
2026-02-10 00:00:00,0.26994029871198044,cardano
2026-02-11 00:00:00,0.26162742149269524,cardano
2026-02-12 00:00:00,0.25533384814610166,cardano
2026-02-13 00:00:00,0.26413425769481996,cardano
2026-02-14 00:00:00,0.2724328215197824,cardano
2026-02-15 00:00:00,0.29515523540256966,cardano
2026-02-16 00:00:00,0.2817628812286573,cardano
2026-02-17 00:00:00,0.28574025058545544,cardano
2026-02-18 00:00:00,0.28099609455531566,cardano
2026-02-19 00:00:00,0.27357908716740614,cardano
2026-02-20 00:00:00,0.2724872798232589,cardano
2026-02-21 00:00:00,0.28468067929917146,cardano
2026-02-22 00:00:00,0.2800732424232308,cardano
2026-02-23 00:00:00,0.27080691877291263,cardano
2026-02-24 00:00:00,0.262256732524422,cardano
2026-02-25 00:00:00,0.2586615136138729,cardano
2026-02-26 00:00:00,0.2959857984328358,cardano
2026-02-27 00:00:00,0.2869597434290402,cardano
2026-02-28 00:00:00,0.2775514786559025,cardano
2026-03-01 00:00:00,0.281885143747939,cardano
2026-03-02 00:00:00,0.2735336530971066,cardano
2026-03-03 00:00:00,0.2767482772943707,cardano
2026-03-04 00:00:00,0.26315667884254573,cardano
2026-03-05 00:00:00,0.2762900575242947,cardano
2026-03-06 00:00:00,0.2690471897207536,cardano
2026-03-07 00:00:00,0.2592346328031241,cardano
2026-03-08 00:00:00,0.254714731113529,cardano
2026-03-09 00:00:00,0.24928958557817998,cardano
2026-03-10 00:00:00,0.2549619393133554,cardano
2026-03-11 00:00:00,0.26195591046204714,cardano
2026-03-12 00:00:00,0.2625767126470387,cardano
2026-03-13 00:00:00,0.26334793127812367,cardano
2026-03-14 00:00:00,0.2657151587099227,cardano
2026-03-15 00:00:00,0.26304469873935526,cardano
2026-03-16 00:00:00,0.26961976523627484,cardano
2026-03-17 00:00:00,0.29057185397204965,cardano
2026-03-18 00:00:00,0.28914068149251376,cardano
2026-03-19 00:00:00,0.27420613530329707,cardano
2026-03-20 00:00:00,0.26705261097698063,cardano
2026-03-21 00:00:00,0.2661642467208917,cardano
2026-03-22 00:00:00,0.26102016859451804,cardano
2026-03-23 00:00:00,0.2507536127327248,cardano
2026-03-24 00:00:00,0.26127788317903267,cardano
2026-03-25 00:00:00,0.26609034070259674,cardano
2026-03-26 00:00:00,0.2699890266304743,cardano
2026-03-27 00:00:00,0.25477361093470824,cardano
2026-03-28 00:00:00,0.24599003932856503,cardano
2026-03-29 00:00:00,0.2455610952102052,cardano
2026-03-30 00:00:00,0.23952550129211267,cardano
2026-03-30 12:28:38,0.2501038463449254,cardano
2025-03-31 00:00:00,0.16642492555953572,dogecoin
2025-04-01 00:00:00,0.16658416279748312,dogecoin
2025-04-02 00:00:00,0.17426890464126327,dogecoin
2025-04-03 00:00:00,0.16424145213076016,dogecoin
2025-04-04 00:00:00,0.16201946825238184,dogecoin
2025-04-05 00:00:00,0.17105607575055004,dogecoin
2025-04-06 00:00:00,0.16936834660585817,dogecoin
2025-04-07 00:00:00,0.1489432542832566,dogecoin
2025-04-08 00:00:00,0.14918497020443497,dogecoin
2025-04-09 00:00:00,0.14198151472944057,dogecoin
2025-04-10 00:00:00,0.16055894504582743,dogecoin
2025-04-11 00:00:00,0.15390298849579126,dogecoin
2025-04-12 00:00:00,0.15998899838417066,dogecoin
2025-04-13 00:00:00,0.1676649778139498,dogecoin
2025-04-14 00:00:00,0.16266937714088095,dogecoin
2025-04-15 00:00:00,0.15859949254254385,dogecoin
2025-04-16 00:00:00,0.15346609912402615,dogecoin
2025-04-17 00:00:00,0.15471755583387967,dogecoin
2025-04-18 00:00:00,0.15587153787530794,dogecoin
2025-04-19 00:00:00,0.15761670017483884,dogecoin
2025-04-20 00:00:00,0.1573112204332398,dogecoin
2025-04-21 00:00:00,0.15502979487902038,dogecoin
2025-04-22 00:00:00,0.15908436227169534,dogecoin
2025-04-23 00:00:00,0.17846828302254636,dogecoin
2025-04-24 00:00:00,0.178401008327384,dogecoin
2025-04-25 00:00:00,0.1827667552587444,dogecoin
2025-04-26 00:00:00,0.18203103968675263,dogecoin
2025-04-27 00:00:00,0.1818819719415684,dogecoin
2025-04-28 00:00:00,0.17961827119108673,dogecoin
2025-04-29 00:00:00,0.17906901640129896,dogecoin
2025-04-30 00:00:00,0.17439945720299668,dogecoin
2025-05-01 00:00:00,0.1724103485197474,dogecoin
2025-05-02 00:00:00,0.18070374109047424,dogecoin
2025-05-03 00:00:00,0.181388087156242,dogecoin
2025-05-04 00:00:00,0.17576785161701966,dogecoin
2025-05-05 00:00:00,0.17071232656977398,dogecoin
2025-05-06 00:00:00,0.17065490621117071,dogecoin
2025-05-07 00:00:00,0.17232477779627986,dogecoin
2025-05-08 00:00:00,0.17211562672825226,dogecoin
2025-05-09 00:00:00,0.19718642657948848,dogecoin
2025-05-10 00:00:00,0.20518315482145336,dogecoin
2025-05-11 00:00:00,0.24808618010965436,dogecoin
2025-05-12 00:00:00,0.23156210463126953,dogecoin
2025-05-13 00:00:00,0.23141813764156494,dogecoin
2025-05-14 00:00:00,0.24063615504965347,dogecoin
2025-05-15 00:00:00,0.2326880678038404,dogecoin
2025-05-16 00:00:00,0.2188193912978982,dogecoin
2025-05-17 00:00:00,0.2225780495761936,dogecoin
2025-05-18 00:00:00,0.21488311590610068,dogecoin
2025-05-19 00:00:00,0.23064675587556407,dogecoin
2025-05-20 00:00:00,0.22450514333500976,dogecoin
2025-05-21 00:00:00,0.2262524320952927,dogecoin
2025-05-22 00:00:00,0.2341442300716922,dogecoin
2025-05-23 00:00:00,0.24486878935117973,dogecoin
2025-05-24 00:00:00,0.2256050681389216,dogecoin
2025-05-25 00:00:00,0.22526605771065214,dogecoin
2025-05-26 00:00:00,0.22410051858731672,dogecoin
2025-05-27 00:00:00,0.2257235127127771,dogecoin
2025-05-28 00:00:00,0.22613701089072946,dogecoin
2025-05-29 00:00:00,0.22106443772687143,dogecoin
2025-05-30 00:00:00,0.21583653318215457,dogecoin
2025-05-31 00:00:00,0.19293898362115516,dogecoin
2025-06-01 00:00:00,0.19295707336811818,dogecoin
2025-06-02 00:00:00,0.19396166511401375,dogecoin
2025-06-03 00:00:00,0.19561462907109173,dogecoin
2025-06-04 00:00:00,0.1932015824493309,dogecoin
2025-06-05 00:00:00,0.18839829903335972,dogecoin
2025-06-06 00:00:00,0.1718712124430595,dogecoin
2025-06-07 00:00:00,0.1793030276082122,dogecoin
2025-06-08 00:00:00,0.18501664041068297,dogecoin
2025-06-09 00:00:00,0.18422270395966683,dogecoin
2025-06-10 00:00:00,0.19481978852801837,dogecoin
2025-06-11 00:00:00,0.19785971093017923,dogecoin
2025-06-12 00:00:00,0.1930335430982705,dogecoin
2025-06-13 00:00:00,0.18169744621506415,dogecoin
2025-06-14 00:00:00,0.18013678747049802,dogecoin
2025-06-15 00:00:00,0.1784162711217158,dogecoin
2025-06-16 00:00:00,0.17577906724677725,dogecoin
2025-06-17 00:00:00,0.17378599934566444,dogecoin
2025-06-18 00:00:00,0.16993733949907552,dogecoin
2025-06-19 00:00:00,0.17037971945944577,dogecoin
2025-06-20 00:00:00,0.17092098070802442,dogecoin
2025-06-21 00:00:00,0.16233193333616464,dogecoin
2025-06-22 00:00:00,0.15308002215118727,dogecoin
2025-06-23 00:00:00,0.15114781788974174,dogecoin
2025-06-24 00:00:00,0.16447256694307244,dogecoin
2025-06-25 00:00:00,0.16561516104968574,dogecoin
2025-06-26 00:00:00,0.16448390661542975,dogecoin
2025-06-27 00:00:00,0.1600423291811019,dogecoin
2025-06-28 00:00:00,0.1610085986478116,dogecoin
2025-06-29 00:00:00,0.1637313288044104,dogecoin
2025-06-30 00:00:00,0.16954760970067637,dogecoin
2025-07-01 00:00:00,0.16513647959219713,dogecoin
2025-07-02 00:00:00,0.1575952425941886,dogecoin
2025-07-03 00:00:00,0.16892581001355808,dogecoin
2025-07-04 00:00:00,0.17197045822677628,dogecoin
2025-07-05 00:00:00,0.1628779247346829,dogecoin
2025-07-06 00:00:00,0.16431433970640547,dogecoin
2025-07-07 00:00:00,0.1718463077672067,dogecoin
2025-07-08 00:00:00,0.16786356600618882,dogecoin
2025-07-09 00:00:00,0.17098496244236958,dogecoin
2025-07-10 00:00:00,0.18082547920631353,dogecoin
2025-07-11 00:00:00,0.19393383510790288,dogecoin
2025-07-12 00:00:00,0.20104732473533218,dogecoin
2025-07-13 00:00:00,0.1969316863516775,dogecoin
2025-07-14 00:00:00,0.1981830429850487,dogecoin
2025-07-15 00:00:00,0.19720159565229248,dogecoin
2025-07-16 00:00:00,0.1988073865760867,dogecoin
2025-07-17 00:00:00,0.21317019869379383,dogecoin
2025-07-18 00:00:00,0.21904854482534883,dogecoin
2025-07-19 00:00:00,0.23623310474250733,dogecoin
2025-07-20 00:00:00,0.24136273371397565,dogecoin
2025-07-21 00:00:00,0.27294634200835066,dogecoin
2025-07-22 00:00:00,0.2712676656637909,dogecoin
2025-07-23 00:00:00,0.26965305868671147,dogecoin
2025-07-24 00:00:00,0.24065455241490835,dogecoin
2025-07-25 00:00:00,0.23175612511358704,dogecoin
2025-07-26 00:00:00,0.23648246833968434,dogecoin
2025-07-27 00:00:00,0.23580457484737566,dogecoin
2025-07-28 00:00:00,0.24051648808122306,dogecoin
2025-07-29 00:00:00,0.2251397569003692,dogecoin
2025-07-30 00:00:00,0.22343167438710165,dogecoin
2025-07-31 00:00:00,0.2203174498049267,dogecoin
2025-08-01 00:00:00,0.2096463144206449,dogecoin
2025-08-02 00:00:00,0.2010203069750151,dogecoin
2025-08-03 00:00:00,0.1916269540469158,dogecoin
2025-08-04 00:00:00,0.19886328779242604,dogecoin
2025-08-05 00:00:00,0.210479556777086,dogecoin
2025-08-06 00:00:00,0.1996421893552106,dogecoin
2025-08-07 00:00:00,0.20524481678624307,dogecoin
2025-08-08 00:00:00,0.22242594906092986,dogecoin
2025-08-09 00:00:00,0.23035201883070147,dogecoin
2025-08-10 00:00:00,0.24079107603339342,dogecoin
2025-08-11 00:00:00,0.2339151503650981,dogecoin
2025-08-12 00:00:00,0.22279669505434282,dogecoin
2025-08-13 00:00:00,0.23628639605846,dogecoin
2025-08-14 00:00:00,0.24549919437970946,dogecoin
2025-08-15 00:00:00,0.22418991808567507,dogecoin
2025-08-16 00:00:00,0.22821263671130274,dogecoin
2025-08-17 00:00:00,0.23101920616038357,dogecoin
2025-08-18 00:00:00,0.23543563785814955,dogecoin
2025-08-19 00:00:00,0.22246056482373594,dogecoin
2025-08-20 00:00:00,0.20911047499485522,dogecoin
2025-08-21 00:00:00,0.2215865077683421,dogecoin
2025-08-22 00:00:00,0.2146036803461823,dogecoin
2025-08-23 00:00:00,0.24061883556812297,dogecoin
2025-08-24 00:00:00,0.2359037954047403,dogecoin
2025-08-25 00:00:00,0.2317500228704948,dogecoin
2025-08-26 00:00:00,0.20977485568918428,dogecoin
2025-08-27 00:00:00,0.21848182440389716,dogecoin
2025-08-28 00:00:00,0.2194773258086598,dogecoin
2025-08-29 00:00:00,0.22436553868912731,dogecoin
2025-08-30 00:00:00,0.21412824594263147,dogecoin
2025-08-31 00:00:00,0.2158248863195881,dogecoin
2025-09-01 00:00:00,0.2138121881539986,dogecoin
2025-09-02 00:00:00,0.21012014689720937,dogecoin
2025-09-03 00:00:00,0.21481484336477316,dogecoin
2025-09-04 00:00:00,0.22060869712158182,dogecoin
2025-09-05 00:00:00,0.21248433246322776,dogecoin
2025-09-06 00:00:00,0.21790522280347202,dogecoin
2025-09-07 00:00:00,0.2160115789297136,dogecoin
2025-09-08 00:00:00,0.22849209307593296,dogecoin
2025-09-09 00:00:00,0.24204451984067996,dogecoin
2025-09-10 00:00:00,0.24093291427061306,dogecoin
2025-09-11 00:00:00,0.24543876456428945,dogecoin
2025-09-12 00:00:00,0.25568309955896135,dogecoin
2025-09-13 00:00:00,0.27551364279954654,dogecoin
2025-09-14 00:00:00,0.28938440733977444,dogecoin
2025-09-15 00:00:00,0.2784558102769998,dogecoin
2025-09-16 00:00:00,0.2685387946986924,dogecoin
2025-09-17 00:00:00,0.2696531218328301,dogecoin
2025-09-18 00:00:00,0.282117441910369,dogecoin
2025-09-19 00:00:00,0.2787643266477094,dogecoin
2025-09-20 00:00:00,0.26530671371919323,dogecoin
2025-09-21 00:00:00,0.26755567404153896,dogecoin
2025-09-22 00:00:00,0.2613348265545181,dogecoin
2025-09-23 00:00:00,0.24128386887273082,dogecoin
2025-09-24 00:00:00,0.23761019733597175,dogecoin
2025-09-25 00:00:00,0.2407374057852932,dogecoin
2025-09-26 00:00:00,0.22239388412703953,dogecoin
2025-09-27 00:00:00,0.2324576489429464,dogecoin
2025-09-28 00:00:00,0.2308267057962403,dogecoin
2025-09-29 00:00:00,0.2373584240120973,dogecoin
2025-09-30 00:00:00,0.23517093556073534,dogecoin
2025-10-01 00:00:00,0.2327703853015738,dogecoin
2025-10-02 00:00:00,0.24806693017750128,dogecoin
2025-10-03 00:00:00,0.2617674571494343,dogecoin
2025-10-04 00:00:00,0.2585990689382798,dogecoin
2025-10-05 00:00:00,0.25088714295062026,dogecoin
2025-10-06 00:00:00,0.25296284027536836,dogecoin
2025-10-07 00:00:00,0.2663063497515599,dogecoin
2025-10-08 00:00:00,0.2474019998363525,dogecoin
2025-10-09 00:00:00,0.2554779705215659,dogecoin
2025-10-10 00:00:00,0.24844379648914036,dogecoin
2025-10-11 00:00:00,0.19398560680787477,dogecoin
2025-10-12 00:00:00,0.18563301824171755,dogecoin
2025-10-13 00:00:00,0.20753659744853606,dogecoin
2025-10-14 00:00:00,0.21394989838012946,dogecoin
2025-10-15 00:00:00,0.20468099791201283,dogecoin
2025-10-16 00:00:00,0.196125970301963,dogecoin
2025-10-17 00:00:00,0.1882065213549952,dogecoin
2025-10-18 00:00:00,0.18491410819207602,dogecoin
2025-10-19 00:00:00,0.18954325759734506,dogecoin
2025-10-20 00:00:00,0.19520501124976605,dogecoin
2025-10-21 00:00:00,0.19996595879779044,dogecoin
2025-10-22 00:00:00,0.19449991155015053,dogecoin
2025-10-23 00:00:00,0.19001323956155677,dogecoin
2025-10-24 00:00:00,0.19477691026790134,dogecoin
2025-10-25 00:00:00,0.19764132779850196,dogecoin
2025-10-26 00:00:00,0.1965943046754672,dogecoin
2025-10-27 00:00:00,0.20584151036172318,dogecoin
2025-10-28 00:00:00,0.20052168840914944,dogecoin
2025-10-29 00:00:00,0.19376247597702617,dogecoin
2025-10-30 00:00:00,0.19235527078076486,dogecoin
2025-10-31 00:00:00,0.18266494236534228,dogecoin
2025-11-01 00:00:00,0.18645789100238466,dogecoin
2025-11-02 00:00:00,0.18727035305980386,dogecoin
2025-11-03 00:00:00,0.18638051983144605,dogecoin
2025-11-04 00:00:00,0.167088259411484,dogecoin
2025-11-05 00:00:00,0.16288015004301348,dogecoin
2025-11-06 00:00:00,0.16736363848179914,dogecoin
2025-11-07 00:00:00,0.1611765350860604,dogecoin
2025-11-08 00:00:00,0.1789825325849445,dogecoin
2025-11-09 00:00:00,0.17626014280423438,dogecoin
2025-11-10 00:00:00,0.17908925000194684,dogecoin
2025-11-11 00:00:00,0.18201794457446172,dogecoin
2025-11-12 00:00:00,0.17195486145155725,dogecoin
2025-11-13 00:00:00,0.16994324383769366,dogecoin
2025-11-14 00:00:00,0.16419843945294735,dogecoin
2025-11-15 00:00:00,0.15788017890783018,dogecoin
2025-11-16 00:00:00,0.16317232050926925,dogecoin
2025-11-17 00:00:00,0.158885342685653,dogecoin
2025-11-18 00:00:00,0.1517259112655674,dogecoin
2025-11-19 00:00:00,0.16157155927313305,dogecoin
2025-11-20 00:00:00,0.15417594591610392,dogecoin
2025-11-21 00:00:00,0.14936991802723154,dogecoin
2025-11-22 00:00:00,0.14013650514225232,dogecoin
2025-11-23 00:00:00,0.14033744565020795,dogecoin
2025-11-24 00:00:00,0.14503697936177498,dogecoin
2025-11-25 00:00:00,0.15186545225017462,dogecoin
2025-11-26 00:00:00,0.153133415915494,dogecoin
2025-11-27 00:00:00,0.15477076595978345,dogecoin
2025-11-28 00:00:00,0.15276775634393502,dogecoin
2025-11-29 00:00:00,0.15031711838482992,dogecoin
2025-11-30 00:00:00,0.14857021850589083,dogecoin
2025-12-01 00:00:00,0.1466972817557756,dogecoin
2025-12-02 00:00:00,0.13577829077263187,dogecoin
2025-12-03 00:00:00,0.14610777122799323,dogecoin
2025-12-04 00:00:00,0.1519490079014202,dogecoin
2025-12-05 00:00:00,0.14750673884052382,dogecoin
2025-12-06 00:00:00,0.1395574899025586,dogecoin
2025-12-07 00:00:00,0.13961195908450463,dogecoin
2025-12-08 00:00:00,0.13819070715307746,dogecoin
2025-12-09 00:00:00,0.14257837526799885,dogecoin
2025-12-10 00:00:00,0.14814206543382394,dogecoin
2025-12-11 00:00:00,0.1435711895887641,dogecoin
2025-12-12 00:00:00,0.1404521990424531,dogecoin
2025-12-13 00:00:00,0.1369938792828775,dogecoin
2025-12-14 00:00:00,0.1391364520130514,dogecoin
2025-12-15 00:00:00,0.1342511327270273,dogecoin
2025-12-16 00:00:00,0.1296670313047204,dogecoin
2025-12-17 00:00:00,0.13163341300230058,dogecoin
2025-12-18 00:00:00,0.12617529888873202,dogecoin
2025-12-19 00:00:00,0.12198946840416328,dogecoin
2025-12-20 00:00:00,0.13223152145074435,dogecoin
2025-12-21 00:00:00,0.13196089899121477,dogecoin
2025-12-22 00:00:00,0.13107332764314425,dogecoin
2025-12-23 00:00:00,0.1324352250363626,dogecoin
2025-12-24 00:00:00,0.12928287561180404,dogecoin
2025-12-25 00:00:00,0.12854637499400673,dogecoin
2025-12-26 00:00:00,0.1234735692376755,dogecoin
2025-12-27 00:00:00,0.12199701828520598,dogecoin
2025-12-28 00:00:00,0.12427372973988156,dogecoin
2025-12-29 00:00:00,0.12385595413327449,dogecoin
2025-12-30 00:00:00,0.12271386178229453,dogecoin
2025-12-31 00:00:00,0.1232611486337809,dogecoin
2026-01-01 00:00:00,0.11728672656235732,dogecoin
2026-01-02 00:00:00,0.1266112971022498,dogecoin
2026-01-03 00:00:00,0.14153587561690467,dogecoin
2026-01-04 00:00:00,0.14302827593489156,dogecoin
2026-01-05 00:00:00,0.14924315542751718,dogecoin
2026-01-06 00:00:00,0.1519393256021509,dogecoin
2026-01-07 00:00:00,0.15067949515748766,dogecoin
2026-01-08 00:00:00,0.14618070296026994,dogecoin
2026-01-09 00:00:00,0.14198298288524971,dogecoin
2026-01-10 00:00:00,0.14049286062279476,dogecoin
2026-01-11 00:00:00,0.13956550382681582,dogecoin
2026-01-12 00:00:00,0.13762170063565354,dogecoin
2026-01-13 00:00:00,0.13657612595384463,dogecoin
2026-01-14 00:00:00,0.14775768523242752,dogecoin
2026-01-15 00:00:00,0.14717593171884386,dogecoin
2026-01-16 00:00:00,0.13999017295875318,dogecoin
2026-01-17 00:00:00,0.13803590837513685,dogecoin
2026-01-18 00:00:00,0.1377750977423629,dogecoin
2026-01-19 00:00:00,0.13205020983220853,dogecoin
2026-01-20 00:00:00,0.12913260545675517,dogecoin
2026-01-21 00:00:00,0.1232505409033576,dogecoin
2026-01-22 00:00:00,0.12644451176398563,dogecoin
2026-01-23 00:00:00,0.12415563067569813,dogecoin
2026-01-24 00:00:00,0.12459272073883498,dogecoin
2026-01-25 00:00:00,0.12407396440823537,dogecoin
2026-01-26 00:00:00,0.11928718890285936,dogecoin
2026-01-27 00:00:00,0.12234335135625338,dogecoin
2026-01-28 00:00:00,0.126058502608312,dogecoin
2026-01-29 00:00:00,0.12488805275945465,dogecoin
2026-01-30 00:00:00,0.11710772670706057,dogecoin
2026-01-31 00:00:00,0.11570615704260108,dogecoin
2026-02-01 00:00:00,0.10391816890451142,dogecoin
2026-02-02 00:00:00,0.10446571067651927,dogecoin
2026-02-03 00:00:00,0.10791475617863952,dogecoin
2026-02-04 00:00:00,0.10558766312015572,dogecoin
2026-02-05 00:00:00,0.10407129714856796,dogecoin
2026-02-06 00:00:00,0.08853350658392219,dogecoin
2026-02-07 00:00:00,0.09851068367968456,dogecoin
2026-02-08 00:00:00,0.09828204802987388,dogecoin
2026-02-09 00:00:00,0.09679508755158638,dogecoin
2026-02-10 00:00:00,0.09612223186470982,dogecoin
2026-02-11 00:00:00,0.0926891019115639,dogecoin
2026-02-12 00:00:00,0.09098504799968382,dogecoin
2026-02-13 00:00:00,0.09297230134330874,dogecoin
2026-02-14 00:00:00,0.09648780963693444,dogecoin
2026-02-15 00:00:00,0.11102387044534862,dogecoin
2026-02-16 00:00:00,0.10263274360387378,dogecoin
2026-02-17 00:00:00,0.10101283473720928,dogecoin
2026-02-18 00:00:00,0.10065712113902656,dogecoin
2026-02-19 00:00:00,0.0984655266513993,dogecoin
2026-02-20 00:00:00,0.09826304027116836,dogecoin
2026-02-21 00:00:00,0.10008076429796753,dogecoin
2026-02-22 00:00:00,0.09852639805510928,dogecoin
2026-02-23 00:00:00,0.09524627651516329,dogecoin
2026-02-24 00:00:00,0.09259698111404983,dogecoin
2026-02-25 00:00:00,0.0914313497566651,dogecoin
2026-02-26 00:00:00,0.10040550652510143,dogecoin
2026-02-27 00:00:00,0.09706278741592801,dogecoin
2026-02-28 00:00:00,0.09333407883760456,dogecoin
2026-03-01 00:00:00,0.09409555390986618,dogecoin
2026-03-02 00:00:00,0.09190272619858843,dogecoin
2026-03-03 00:00:00,0.09359787766200474,dogecoin
2026-03-04 00:00:00,0.09006591141967334,dogecoin
2026-03-05 00:00:00,0.09917644037818434,dogecoin
2026-03-06 00:00:00,0.09356671480114738,dogecoin
2026-03-07 00:00:00,0.09128746316658029,dogecoin
2026-03-08 00:00:00,0.08996188597992184,dogecoin
2026-03-09 00:00:00,0.08913118184470159,dogecoin
2026-03-10 00:00:00,0.09034133754844273,dogecoin
2026-03-11 00:00:00,0.09453933298078705,dogecoin
2026-03-12 00:00:00,0.09294838106012036,dogecoin
2026-03-13 00:00:00,0.09478629417354649,dogecoin
2026-03-14 00:00:00,0.09591239936172402,dogecoin
2026-03-15 00:00:00,0.09596437643209395,dogecoin
2026-03-16 00:00:00,0.09732538404585027,dogecoin
2026-03-17 00:00:00,0.10331818856883287,dogecoin
2026-03-18 00:00:00,0.10022225595452286,dogecoin
2026-03-19 00:00:00,0.09512193972476529,dogecoin
2026-03-20 00:00:00,0.09344159710524043,dogecoin
2026-03-21 00:00:00,0.09418522447756913,dogecoin
2026-03-22 00:00:00,0.09241239080289568,dogecoin
2026-03-23 00:00:00,0.09017500800359304,dogecoin
2026-03-24 00:00:00,0.09398523720476562,dogecoin
2026-03-25 00:00:00,0.0951115437096713,dogecoin
2026-03-26 00:00:00,0.09599706406824654,dogecoin
2026-03-27 00:00:00,0.09199232617364651,dogecoin
2026-03-28 00:00:00,0.09004403853917814,dogecoin
2026-03-29 00:00:00,0.09083113630486371,dogecoin
2026-03-30 00:00:00,0.0903745048785108,dogecoin
2026-03-30 12:28:38,0.09281232497884294,dogecoin
